Rk;Player;Pos;Age;Tm;G;GS;MP;FG;FGA;FG%;3P;3PA;3P%;2P;2PA;2P%;eFG%;FT;FTA;FT%;ORB;DRB;TRB;AST;STL;BLK;TOV;PF;PTS
1;Precious Achiuwa;C;23;TOR;6;0;23.2;3;8.5;0.353;0.7;2.8;0.235;2.3;5.7;0.412;0.392;1.5;2.2;0.692;2.2;6.7;8.8;1.3;0;0.3;1.3;1.7;8.2
2;Steven Adams;C;29;MEM;5;5;28.6;2.8;4.6;0.609;0;0;0;2.8;4.6;0.609;0.609;0.8;3.4;0.235;4;6.2;10.2;2.4;0.6;1.6;1.6;2.6;6.4
3;Bam Adebayo;C;25;MIA;6;6;34.7;6.2;11.7;0.529;0;0.3;0;6.2;11.3;0.544;0.529;4.2;5;0.833;2.5;5.8;8.3;2.5;1.3;1;4;2.8;16.5
4;Ochai Agbaji;SG;22;UTA;2;0;10;2;3.5;0.571;0;1.5;0;2;2;1;0.571;0.5;1;0.5;0;0.5;0.5;0;0;0;0;1;4.5
5;Santi Aldama;PF;22;MEM;5;5;30.6;4;8.6;0.465;1.2;4.4;0.273;2.8;4.2;0.667;0.535;1.8;2.4;0.75;2;4.4;6.4;1;1;1.4;0.6;2.4;11
6;Nickeil Alexander-Walker;SG;24;UTA;3;0;5;1;2.3;0.429;0.3;1;0.333;0.7;1.3;0.5;0.5;0.7;0.7;1;0;0;0;2;0.3;0.3;0;0.3;3
7;Grayson Allen;SG;27;MIL;4;4;29.3;3.3;9.8;0.333;2.3;6.3;0.36;1;3.5;0.286;0.449;2.5;3;0.833;0.8;3.5;4.3;3;0.5;0;1.3;1.3;11.3
8;Jarrett Allen;C;24;CLE;5;5;33.8;5.4;9.4;0.574;0;0.2;0;5.4;9.2;0.587;0.574;2.4;3.4;0.706;4.8;6.6;11.4;1.6;0.2;1.2;0.8;2.6;13.2
9;Jose Alvarado;PG;24;NOP;5;2;22;3.6;7.2;0.5;1.6;3.6;0.444;2;3.6;0.556;0.611;0.6;0.8;0.75;0;2.2;2.2;2.6;1;0.2;2;1.6;9.4
10;Kyle Anderson;PF;29;MIN;2;0;11.5;0;1;0;0;0.5;0;0;0.5;0;0;1;1;1;1;2;3;0.5;0.5;0.5;1;0;1
11;Giannis Antetokounmpo;PF;28;MIL;4;4;35.3;13.3;21;0.631;1.3;4;0.313;12;17;0.706;0.661;6.8;10.8;0.628;1;12.3;13.3;6.3;0.8;1.8;3.5;2.5;34.5
12;Thanasis Antetokounmpo;SF;30;MIL;1;0;1;0;0;0;0;0;0;0;0;0;0;0;0;0;0;0;0;0;0;0;0;0;0
13;Cole Anthony;PG;22;ORL;4;3;30.5;5.5;13.3;0.415;1.8;5;0.35;3.8;8.3;0.455;0.481;2.8;3.8;0.733;0.8;4;4.8;4.3;0.8;0.8;2;3.5;15.5
14;OG Anunoby;SF;25;TOR;6;6;36.2;4.7;10.8;0.431;1.8;4.7;0.393;2.8;6.2;0.459;0.515;2.3;3;0.778;1;5.5;6.5;1.5;2;0.8;2;3.7;13.5
15;Ryan Arcidiacono;PG;28;NYK;1;0;2;0;0;0;0;0;0;0;0;0;0;0;0;0;0;0;0;0;0;0;0;1;0
16;Deni Avdija;SF;22;WAS;5;5;18.4;2;4.8;0.417;0.8;2.2;0.364;1.2;2.6;0.462;0.5;0.8;0.8;1;0.2;4;4.2;1.2;0.8;0.6;0.8;2.8;5.6
17;Deandre Ayton;C;24;PHO;5;5;26;6.8;12.4;0.548;0.2;0.6;0.333;6.6;11.8;0.559;0.556;1.6;2.2;0.727;2;6.2;8.2;2;0.6;0.4;2.6;3.8;15.4
18;Udoka Azubuike;C;23;UTA;1;0;8;2;3;0.667;0;0;0;2;3;0.667;0.667;0;0;0;0;2;2;0;2;1;1;0;4
19;Mo Bamba;C;24;ORL;6;0;12.8;2.2;5;0.433;0.7;2.8;0.235;1.5;2.2;0.692;0.5;0.5;0.8;0.6;0.5;2.5;3;0.8;0.2;0.5;0.7;2.2;5.5
20;Paolo Banchero;PF;20;ORL;6;6;33.3;7.8;16.8;0.465;1.3;4.2;0.32;6.5;12.7;0.513;0.505;6.5;8.7;0.75;1.3;7;8.3;3.8;0.7;1.3;2.7;2;23.5
21;Desmond Bane;SG;24;MEM;5;5;32.6;7.6;17.6;0.432;4.4;9.4;0.468;3.2;8.2;0.39;0.557;3;3.6;0.833;0.6;3.8;4.4;5.6;0.8;0.4;1.6;2.8;22.6
22;Dalano Banton;PG;23;TOR;6;0;8.2;1;2.5;0.4;0.2;1.2;0.143;0.8;1.3;0.625;0.433;0.3;0.3;1;0.3;0.8;1.2;0.5;0.3;0.3;0.3;0.7;2.5
23;Harrison Barnes;PF;30;SAC;4;4;31.3;3.3;7.8;0.419;0.3;2.3;0.111;3;5.5;0.545;0.435;3.5;5.3;0.667;0.5;4.5;5;1.8;0.8;0.3;1.5;1.3;10.3
24;Scottie Barnes;PF;21;TOR;5;5;28.6;5.8;11;0.527;1.2;2.4;0.5;4.6;8.6;0.535;0.582;1.6;2;0.8;1.4;4.2;5.6;3.6;1.2;0.6;1.8;1.6;14.4
25;RJ Barrett;SG;22;NYK;5;5;35.6;6.8;18;0.378;0.8;5.6;0.143;6;12.4;0.484;0.4;3.8;4.8;0.792;1.4;4.6;6;2.2;0;0.4;2.2;1.8;18.2
26;Will Barton;SG;32;WAS;5;0;27.2;4;8.4;0.476;2;3.6;0.556;2;4.8;0.417;0.595;0.8;0.8;1;0.4;2.6;3;2.6;1;0.2;2;1.6;10.8
27;Keita Bates-Diop;SF;27;SAS;6;0;8;2;3;0.667;0.2;0.3;0.5;1.8;2.7;0.688;0.694;0.5;0.5;1;0.3;0.5;0.8;0.3;0.2;0;0.8;0;4.7
28;Nicolas Batum;PF;34;LAC;5;1;18.4;1.8;2.8;0.643;1;1.6;0.625;0.8;1.2;0.667;0.821;0.6;0.8;0.75;0.8;3;3.8;1.2;0.8;0.6;0.8;2.2;5.2
29;Darius Bazley;PF;22;OKC;5;0;16.8;2.2;5.4;0.407;0.8;1.8;0.444;1.4;3.6;0.389;0.481;0.6;1.2;0.5;1.4;3.6;5;1.4;0.4;1.6;0.6;0.8;5.8
30;Bradley Beal;SG;29;WAS;5;5;35;8.8;14.8;0.595;1.2;3.8;0.316;7.6;11;0.691;0.635;3.8;4.2;0.905;1.2;3;4.2;5.8;1;0.8;3.6;2.4;22.6
31;Malik Beasley;SG;26;UTA;6;0;24.5;4;10.3;0.387;1.7;5.5;0.303;2.3;4.8;0.483;0.468;1.2;1.3;0.875;0.7;1.5;2.2;0.8;1.3;0.3;0.5;0.5;10.8
32;MarJon Beauchamp;SF;22;MIL;1;0;2;1;1;1;0;0;0;1;1;1;1;0;0;0;0;0;0;0;0;0;0;0;2
33;Patrick Beverley;PG;34;LAL;5;5;29.2;1.2;4.6;0.261;0.6;3.4;0.176;0.6;1.2;0.5;0.326;2.4;2.4;1;1;2.6;3.6;3;1.6;0.8;1.2;3.6;5.4
34;Saddiq Bey;SF;23;DET;6;6;31.3;4.3;10;0.433;1.5;4.8;0.31;2.8;5.2;0.548;0.508;3.8;4.5;0.852;1.8;3.8;5.7;1.2;0.5;0.3;1.3;1.3;14
35;Khem Birch;C;30;TOR;2;0;6.5;0.5;1;0.5;0;0;0;0.5;1;0.5;0.5;0;0;0;0.5;1;1.5;0;0;0.5;0;2.5;1
36;Goga Bitadze;C;23;IND;5;0;15.4;2;3.6;0.556;0.2;1.2;0.167;1.8;2.4;0.75;0.583;1.2;2;0.6;2;2.2;4.2;1.6;0.4;0.8;0.8;2.8;5.4
37;Bismack Biyombo;C;30;PHO;3;0;10.3;1.7;2.7;0.625;0;0;0;1.7;2.7;0.625;0.625;0.3;0.7;0.5;1.3;3.7;5;1;0;0.7;0.3;2.3;3.7
38;Buddy Boeheim;PG;23;DET;1;0;1;0;0;0;0;0;0;0;0;0;0;0;0;0;0;0;0;0;0;0;0;0;0
39;Bojan Bogdanovi?;PF;33;DET;6;6;31.2;7.5;14.5;0.517;4;7.8;0.511;3.5;6.7;0.525;0.655;4;4.3;0.923;0.7;2.8;3.5;2;0.3;0;1.2;2.2;23
40;Bol Bol;PF;23;ORL;6;1;18.8;4.2;6.5;0.641;0.3;1.2;0.286;3.8;5.3;0.719;0.667;1.3;1.8;0.727;1.5;4.5;6;0.3;0.2;2.3;1.2;1.2;10
41;Leandro Bolmaro;SG;22;UTA;2;0;8;0.5;1.5;0.333;0;0.5;0;0.5;1;0.5;0.333;0;0;0;0.5;0;0.5;1;0;0.5;0.5;1.5;1
42;Devin Booker;SG;26;PHO;5;5;37.4;10;19.4;0.515;2.4;5.8;0.414;7.6;13.6;0.559;0.577;6.8;7.6;0.895;0.6;2.8;3.4;5.4;1;0.2;3;1.8;29.2
43;Brandon Boston Jr.;SG;21;LAC;3;0;2.3;1;1.7;0.6;0;0.3;0;1;1.3;0.75;0.6;0;0;0;0;0;0;0;0;0;0;0;2
44;Chris Boucher;PF;30;TOR;3;0;17;4;6.7;0.6;1.7;2.7;0.625;2.3;4;0.583;0.725;0.7;1.7;0.4;0.7;2.3;3;0.3;0.3;1.3;1;3.7;10.3
45;James Bouknight;SG;22;CHO;5;0;17.8;2.4;7.8;0.308;1.4;4.6;0.304;1;3.2;0.313;0.397;0.6;1.2;0.5;0;2;2;1.2;0.4;0;1;1.8;6.8
46;Tony Bradley;C;25;CHI;2;0;3;0;0.5;0;0;0.5;0;0;0;0;0;0;0;0;0.5;1;1.5;0;0;0;0;0;0
47;Christian Braun;SG;21;DEN;6;0;18.5;2.2;4.2;0.52;0.7;1.7;0.4;1.5;2.5;0.6;0.6;0.3;0.7;0.5;1.2;2.2;3.3;1;0.7;0.3;0.7;1;5.3
48;Mikal Bridges;SF;26;PHO;5;5;35.8;6.2;10;0.62;0.8;2;0.4;5.4;8;0.675;0.66;2.2;2.6;0.846;1.8;4.2;6;3.4;0.6;1.4;1.6;3;15.4
49;Oshae Brissett;SF;24;IND;2;0;10.5;0.5;3;0.167;0.5;2;0.25;0;1;0;0.25;0;0;0;0.5;1;1.5;0;0;0;1;0.5;1.5
50;Malcolm Brogdon;PG;30;BOS;5;0;22.8;4.2;9.6;0.438;1;3.2;0.313;3.2;6.4;0.5;0.49;2;2.2;0.909;1.2;2.2;3.4;3.6;0.8;0;1.8;2;11.4
51;Dillon Brooks;SG;27;MEM;2;2;25;3;12.5;0.24;1.5;5.5;0.273;1.5;7;0.214;0.3;0;0;0;0;1;1;1.5;0;0;2;2;7.5
52;Bruce Brown;PG;26;DEN;6;3;27.7;4.3;8.3;0.52;1.5;3.2;0.474;2.8;5.2;0.548;0.61;0.5;1;0.5;1;2.2;3.2;3.3;0.7;0.3;1.2;1.8;10.7
53;Greg Brown III;PF;21;POR;3;0;4.3;1.3;1.7;0.8;0;0;0;1.3;1.7;0.8;0.8;0;1;0;0;0;0;0;0.3;0.3;0.3;0;2.7
54;Jaylen Brown;SF;26;BOS;5;5;37.6;9.8;20.6;0.476;2.2;7;0.314;7.6;13.6;0.559;0.529;3.8;5;0.76;1;5;6;3;1.4;1.2;3.2;2.8;25.6
55;Moses Brown;C;23;LAC;3;0;2.3;0.7;1;0.667;0;0;0;0.7;1;0.667;0.667;0.3;0.7;0.5;0;0.7;0.7;0;0;0.7;0;0.3;1.7
56;Troy Brown Jr.;SF;23;LAL;3;1;27.3;3;8.3;0.36;1.3;3.7;0.364;1.7;4.7;0.357;0.44;0;0;0;1;4.7;5.7;1.7;0.7;0;1.7;2.7;7.3
57;Jalen Brunson;PG;26;NYK;5;5;34.2;6.8;14;0.486;1.6;4.2;0.381;5.2;9.8;0.531;0.543;3.4;4.4;0.773;0.4;3.8;4.2;7.2;1;0.2;1.8;3;18.6
58;Reggie Bullock;SF;31;DAL;4;4;32.8;2.5;6.5;0.385;2;5.3;0.381;0.5;1.3;0.4;0.538;0.5;0.8;0.667;0.3;3.3;3.5;1;1.3;0.3;0.5;3;7.5
59;Jimmy Butler;SF;33;MIA;6;6;35;7.3;14.5;0.506;1.2;2.5;0.467;6.2;12;0.514;0.546;6.8;7.8;0.872;2.2;4.2;6.3;5;1.7;0.2;1.3;1.3;22.7
60;Kentavious Caldwell-Pope;SG;29;DEN;5;5;31;4;8.6;0.465;2.6;5.2;0.5;1.4;3.4;0.412;0.616;1.2;1.2;1;0.6;3.2;3.8;3;1.2;0.2;1.2;2.6;11.8
61;Facundo Campazzo;PG;31;DAL;2;0;8;0.5;2;0.25;0.5;1.5;0.333;0;0.5;0;0.375;0;0;0;0;0;0;1.5;1.5;0;0;0.5;1.5
62;Vlatko ?an?ar;PF;25;DEN;3;0;2;0;0.3;0;0;0;0;0;0.3;0;0;0;0;0;0;0;0;0;0;0;0.3;0;0
63;Clint Capela;C;28;ATL;5;5;26;3.2;6.2;0.516;0;0;0;3.2;6.2;0.516;0.516;0.6;1;0.6;3;6.2;9.2;0.8;0.8;2;0.8;1.8;7
64;Vernon Carey Jr.;C;21;WAS;1;0;1;0;0;0;0;0;0;0;0;0;0;0;0;0;0;0;0;0;0;0;0;0;0
65;Jevon Carter;PG;27;MIL;4;4;24;2;5.3;0.381;1.3;4;0.313;0.8;1.3;0.6;0.5;0;0;0;0.8;1.8;2.5;1.8;1.5;0.5;1.8;3.3;5.3
66;Wendell Carter Jr.;C;23;ORL;6;6;32.2;5;11;0.455;0.7;3.5;0.19;4.3;7.5;0.578;0.485;3.3;4.2;0.8;2.2;7;9.2;2.7;0.7;0.3;2.2;3.8;14
67;Alex Caruso;PG;28;CHI;6;3;23.7;1.5;4.3;0.346;0.8;2.7;0.313;0.7;1.7;0.4;0.442;1;1.3;0.75;0.8;2.2;3;3;1.7;1;2.2;2;4.8
68;Justin Champagnie;SF;21;TOR;1;0;3;1;1;1;0;0;0;1;1;1;1;0;0;0;1;0;1;0;0;0;0;0;2
69;Kennedy Chandler;PG;20;MEM;2;0;4.5;0;1;0;0;0;0;0;1;0;0;0;0.5;0;0;0;0;1;0;1;1;0;0
70;Max Christie;SG;19;LAL;2;0;2.5;0.5;0.5;1;0.5;0.5;1;0;0;0;1.5;1;1;1;0;1;1;0.5;0;0;0;0;2.5
71;Josh Christopher;SG;21;HOU;5;0;7.4;1.2;3;0.4;0;1.2;0;1.2;1.8;0.667;0.4;0.2;0.4;0.5;0.2;1;1.2;0.6;0;0;0.4;0.4;2.6
72;Brandon Clarke;PF;26;MEM;5;0;17.8;3.8;5.6;0.679;0;0.6;0;3.8;5;0.76;0.679;2.2;3;0.733;0.6;3;3.6;1.6;0.4;0.6;1.2;2.4;9.8
73;Jordan Clarkson;SG;30;UTA;6;6;30.2;5.7;13.8;0.41;3;8.2;0.367;2.7;5.7;0.471;0.518;2.3;3;0.778;1.3;3;4.3;4.8;0.5;1;2.5;1.8;16.7
74;Nic Claxton;C;23;BRK;5;5;28.8;5;7.8;0.641;0;0.2;0;5;7.6;0.658;0.641;1.6;3.6;0.444;3.8;4.6;8.4;0.4;0.4;2;1.2;2.6;11.6
75;Amir Coffey;SG;25;LAC;4;0;10;0.5;2.5;0.2;0;0.5;0;0.5;2;0.25;0.2;1.8;2;0.875;0;0.8;0.8;0.8;0.3;0.3;0.3;0.8;2.8
76;John Collins;PF;25;ATL;5;5;33.8;6.4;11.2;0.571;1;3;0.333;5.4;8.2;0.659;0.616;2.2;2.2;1;1.2;9.2;10.4;0.6;1.4;2.4;2.2;3.2;16
77;Zach Collins;PF;25;SAS;6;0;15.2;3.3;5.7;0.588;0.8;1.8;0.455;2.5;3.8;0.652;0.662;0.7;1;0.667;1.3;2.2;3.5;3;0.5;1.3;1.8;2.8;8.2
78;Mike Conley;PG;35;UTA;6;6;30.5;3.5;9.8;0.356;2.2;5.8;0.371;1.3;4;0.333;0.466;1.8;2.7;0.688;0.3;2;2.3;7.3;1.3;0.7;1.7;2.2;11
79;Robert Covington;PF;32;LAC;5;0;17.4;1.6;3.8;0.421;0.8;2.6;0.308;0.8;1.2;0.667;0.526;1.2;1.2;1;0.2;4.4;4.6;1.4;0.6;1;0.6;2.4;5.2
80;Torrey Craig;SF;32;PHO;5;0;14.4;2.8;4.2;0.667;1.2;2.4;0.5;1.6;1.8;0.889;0.81;0;0;0;1.6;2.2;3.8;1;0.4;0;0.4;0.6;6.8
81;Cade Cunningham;PG;21;DET;6;6;33.7;8.7;19.7;0.441;1.3;4.7;0.286;7.3;15;0.489;0.475;3.8;4.7;0.821;1.2;4.3;5.5;6.3;1.2;0.3;3.3;3;22.5
82;Stephen Curry;PG;34;GSW;5;5;33.4;10.2;21;0.486;5.4;11.8;0.458;4.8;9.2;0.522;0.614;5;5.4;0.926;0.6;5.4;6;6;1.4;0.2;2.6;1.4;30.8
83;Dyson Daniels;PG;19;NOP;2;0;12.5;2;3;0.667;0.5;0.5;1;1.5;2.5;0.6;0.75;1;1;1;0.5;1;1.5;2;1.5;0.5;0.5;2;5.5
84;Anthony Davis;C;29;LAL;4;4;35;9.8;18.5;0.527;0.5;2.8;0.182;9.3;15.8;0.587;0.541;4;5.3;0.762;2;7.5;9.5;2;2.8;2.3;1.5;2.5;24
85;Johnny Davis;SG;20;WAS;2;0;5;0.5;2;0.25;0;0.5;0;0.5;1.5;0.333;0.25;0;0;0;0;0.5;0.5;0.5;0;0;0;1;1
86;Terence Davis;SG;25;SAC;4;0;16;2.8;6.3;0.44;1.3;3.8;0.333;1.5;2.5;0.6;0.54;1.3;1.5;0.833;0.5;2;2.5;1;1;0.3;0.5;2.8;8
87;Dewayne Dedmon;C;33;MIA;5;0;10;1.6;2.4;0.667;0.2;0.4;0.5;1.4;2;0.7;0.708;0;0;0;0.4;1.2;1.6;0.4;0;0;0.6;2.4;3.4
88;Matthew Dellavedova;PG;32;SAC;1;0;1;0;0;0;0;0;0;0;0;0;0;0;0;0;0;0;0;0;0;0;0;0;0
89;DeMar DeRozan;SF;33;CHI;6;6;34.3;9.2;17.5;0.524;0.3;1.2;0.286;8.8;16.3;0.541;0.533;7.5;8.5;0.882;0.3;3.2;3.5;4.7;1.2;0.2;1.7;2.2;26.2
90;Moussa Diabaté;PF;21;LAC;1;0;2;1;1;1;0;0;0;1;1;1;1;1;1;1;0;2;2;1;1;0;0;0;3
91;Hamidou Diallo;SG;24;DET;6;0;13.8;1.7;4.5;0.37;0;0.3;0;1.7;4.2;0.4;0.37;0.8;2;0.417;1;2.2;3.2;1.2;0.3;0;0.3;1.7;4.2
92;Gorgui Dieng;C;33;SAS;3;0;7.7;1;2.3;0.429;0.3;1.7;0.2;0.7;0.7;1;0.5;0;0;0;0.7;1;1.7;2.7;0;0.7;0;1.7;2.3
93;Ousmane Dieng;SF;19;OKC;5;0;12.6;0.8;3.6;0.222;0.2;2;0.1;0.6;1.6;0.375;0.25;0;0;0;0.2;1.4;1.6;1;0.2;0.4;0.2;0.6;1.8
94;Spencer Dinwiddie;PG;29;DAL;4;4;30.5;6;11.8;0.511;3.3;5.8;0.565;2.8;6;0.458;0.649;1;1.8;0.571;0;2.5;2.5;3.8;0.3;0;1.8;2.8;16.3
95;Donte DiVincenzo;SG;26;GSW;3;0;14;1.7;3.7;0.455;0.7;2;0.333;1;1.7;0.6;0.545;1;1.3;0.75;0;0.7;0.7;1;0.3;0;2;1.3;5
96;Luka Don?i?;PG;23;DAL;4;4;35.8;13;26;0.5;2.5;9.5;0.263;10.5;16.5;0.636;0.548;7.8;9;0.861;1.5;8;9.5;9.3;2;0.8;3.8;2.5;36.3
97;Tyler Dorsey;SG;26;DAL;1;0;4;4;4;1;1;1;1;3;3;1;1.125;0;0;0;1;1;2;0;0;0;0;0;9
98;Luguentz Dort;SG;23;OKC;5;5;30.6;4.4;13.2;0.333;1;6.2;0.161;3.4;7;0.486;0.371;3.8;4.4;0.864;1.6;2.6;4.2;2.4;1.6;0;1.2;3;13.6
99;Ayo Dosunmu;PG;23;CHI;6;6;30;5;9.8;0.508;1.8;4;0.458;3.2;5.8;0.543;0.602;0.7;0.7;1;0.7;4;4.7;3.2;1;0.3;1.2;2.3;12.5
100;Goran Dragi?;PG;36;CHI;6;0;18;3.2;7.3;0.432;1.5;2.7;0.563;1.7;4.7;0.357;0.534;0.8;1.3;0.625;0.3;1.2;1.5;4.3;0.3;0;1;1.7;8.7
101;Andre Drummond;C;29;CHI;6;0;16.8;3.8;7.2;0.535;0;0.3;0;3.8;6.8;0.561;0.535;1.3;2;0.667;3.7;6.5;10.2;0.8;1;0.5;1.8;2.8;9
102;Chris Duarte;SF;25;IND;6;2;18.5;2.5;7.7;0.326;0.8;3.2;0.263;1.7;4.5;0.37;0.38;1;1;1;0.7;1.5;2.2;1;0.2;0.5;0.7;1.7;6.8
103;David Duke Jr.;SG;23;BRK;1;0;21;4;6;0.667;0;1;0;4;5;0.8;0.667;2;2;1;2;3;5;1;0;0;1;6;10
104;Kevin Durant;PF;34;BRK;5;5;37.2;11;20.6;0.534;1.8;5.4;0.333;9.2;15.2;0.605;0.578;9.4;10.4;0.904;0.6;3.8;4.4;4;0.6;1.8;3.6;3;33.2
105;Jalen Duren;C;19;DET;6;0;21.7;3.7;6.3;0.579;0;0.2;0;3.7;6.2;0.595;0.579;0.8;2.3;0.357;3.2;4;7.2;0.2;0.2;1.3;1.3;2;8.2
106;Tari Eason;PF;21;HOU;6;0;18.5;2.8;7.3;0.386;0.8;2;0.417;2;5.3;0.375;0.443;0.7;0.8;0.8;2.2;3.5;5.7;0.5;1;0.7;0.3;2.2;7.2
107;Anthony Edwards;SG;21;MIN;6;6;36.5;9.2;19.5;0.47;3;8.5;0.353;6.2;11;0.561;0.547;2.5;4.2;0.6;0.7;6.2;6.8;4.2;0.7;0.2;3.5;2.8;23.8
108;Kessler Edwards;SF;22;BRK;2;0;2.5;0.5;1.5;0.333;0.5;1;0.5;0;0.5;0;0.5;0;0;0;0;1;1;1;0.5;0;0;0;1.5
109;Joel Embiid;C;28;PHI;5;5;35;9.8;18.8;0.521;1;3.6;0.278;8.8;15.2;0.579;0.548;7;8.6;0.814;1.2;8.8;10;3.2;0.4;1.4;3.4;3;27.6
110;Drew Eubanks;C;25;POR;6;0;13.5;1.3;2;0.667;0;0;0;1.3;2;0.667;0.667;1.5;1.8;0.818;1;1.3;2.3;0.5;0.3;0.7;0.3;1.7;4.2
111;Bruno Fernando;C;24;HOU;2;2;18.5;2.5;3;0.833;0;0;0;2.5;3;0.833;0.833;0.5;1;0.5;2.5;4;6.5;4.5;0.5;1;0.5;1.5;5.5
112;Dorian Finney-Smith;PF;29;DAL;4;4;35;2.3;5.5;0.409;0.8;3.5;0.214;1.5;2;0.75;0.477;0.3;0.8;0.333;1.5;2.3;3.8;1;0.8;0.5;0.8;3;5.5
113;Malachi Flynn;PG;24;TOR;3;0;6.7;1;2;0.5;1;1.7;0.6;0;0.3;0;0.75;0;0;0;0;0;0;0;0;0;0;1.3;3
114;Simone Fontecchio;SF;27;UTA;4;0;5.8;1.3;2.8;0.455;0.8;1.8;0.429;0.5;1;0.5;0.591;0;0;0;0.5;0.5;1;0;0;0;0.5;1;3.3
115;Bryn Forbes;SG;29;MIN;5;0;8.2;0.6;2.4;0.25;0.2;1.2;0.167;0.4;1.2;0.333;0.292;0.4;0.4;1;0.2;0.2;0.4;0.6;0.2;0;0.2;0.8;1.8
116;Trent Forrest;PG;24;ATL;2;0;1.5;0;0;0;0;0;0;0;0;0;0;0;0;0;0;0;0;0.5;0;0;0;0;0
117;Evan Fournier;SG;30;NYK;5;5;24.8;3.8;10;0.38;2.4;6.4;0.375;1.4;3.6;0.389;0.5;1;1;1;0.2;2.6;2.8;1.8;0.8;0.2;1;3;11
118;De'Aaron Fox;PG;25;SAC;4;4;34.8;12.3;20.8;0.59;2.8;6.5;0.423;9.5;14.3;0.667;0.657;3.3;4.3;0.765;0.8;5;5.8;5.8;1.3;0.5;4.3;3.8;30.5
119;Wenyen Gabriel;PF;25;LAL;3;0;10.7;1;2.3;0.429;0;0.3;0;1;2;0.5;0.429;0.7;1.3;0.5;0.3;2;2.3;0.7;1;0.7;0.3;1.3;2.7
120;Daniel Gafford;C;24;WAS;5;0;16.6;3;4.2;0.714;0;0;0;3;4.2;0.714;0.714;1;1.4;0.714;1.6;2.4;4;0.2;0.4;1;1.4;2;7
121;Darius Garland;PG;23;CLE;1;1;13;2;8;0.25;0;1;0;2;7;0.286;0.25;0;0;0;0;1;1;3;2;1;5;1;4
122;Usman Garuba;PF;20;HOU;4;1;12.3;1.3;2;0.625;0.3;0.3;1;1;1.8;0.571;0.688;0.3;1;0.25;2.3;2;4.3;0.8;1;0;1.5;1.8;3
123;Rudy Gay;SF;36;UTA;5;0;16.8;2.2;5.6;0.393;1;2.8;0.357;1.2;2.8;0.429;0.482;0.4;0.8;0.5;0.8;2.4;3.2;1.2;0.6;0.8;0.8;1.6;5.8
124;Paul George;SF;32;LAC;4;4;34.8;7;16.5;0.424;1.8;6.8;0.259;5.3;9.8;0.538;0.477;4.5;4.8;0.947;0.8;6.8;7.5;4.3;1.5;0.3;3.5;2.5;20.3
125;Taj Gibson;PF;37;WAS;1;0;3;0;1;0;0;1;0;0;0;0;0;0;0;0;0;0;0;0;0;0;0;0;0
126;Josh Giddey;SG;20;OKC;3;3;29.3;6.3;14;0.452;1.3;4.3;0.308;5;9.7;0.517;0.5;0.3;0.7;0.5;1.7;6.7;8.3;5;0.3;1;3;2.7;14.3
127;Shai Gilgeous-Alexander;SG;24;OKC;4;4;35.3;11;23;0.478;1.8;4.3;0.412;9.3;18.8;0.493;0.516;5.5;5.5;1;1;3.8;4.8;6.5;2.5;1.3;3;2.3;29.3
128;Anthony Gill;PF;30;WAS;5;0;9.4;0.8;1.8;0.444;0.2;1;0.2;0.6;0.8;0.75;0.5;0.4;0.4;1;0.2;1;1.2;0.4;0;0.2;0;1.4;2.2
129;Rudy Gobert;C;30;MIN;6;6;33.3;6;9.2;0.655;0;0.2;0;6;9;0.667;0.655;3;5.2;0.581;4.7;10.5;15.2;1.2;0.7;1.7;1.7;2.5;15
130;Jordan Goodwin;PG;24;WAS;1;0;2;1;1;1;0;0;0;1;1;1;1;0;0;0;1;2;3;0;0;0;1;0;2
131;Aaron Gordon;PF;27;DEN;6;6;28;5.5;11;0.5;0.3;3.2;0.105;5.2;7.8;0.66;0.515;1.7;3;0.556;2.5;4;6.5;2.2;0.2;1.2;1.5;1.2;13
132;Eric Gordon;SG;34;HOU;5;5;31.8;5.2;10.8;0.481;2;5.4;0.37;3.2;5.4;0.593;0.574;2.6;3.2;0.813;0.2;2.2;2.4;3.6;0.8;0.2;2.6;1;15
133;Devonte' Graham;PG;27;NOP;5;0;19.2;1.8;5.2;0.346;1.8;4;0.45;0;1.2;0;0.519;1;1.6;0.625;0;1.2;1.2;2;0.6;0.2;0.4;1;6.4
134;Jerami Grant;PF;28;POR;6;6;34.8;4.8;10.5;0.46;1.7;4.2;0.4;3.2;6.3;0.5;0.54;4.3;6.2;0.703;0.5;3.5;4;2.2;0.7;0.7;1.7;1.8;15.7
135;A.J. Green;SG;23;MIL;1;0;2;0;0;0;0;0;0;0;0;0;0;0;0;0;0;0;0;1;0;0;0;0;0
136;Draymond Green;PF;32;GSW;5;5;27.8;4.2;7;0.6;0.2;1;0.2;4;6;0.667;0.614;1;1.4;0.714;1;4.4;5.4;5.4;1;0.4;2.8;2.8;9.6
137;Jalen Green;SG;20;HOU;6;6;33.7;7.5;19.2;0.391;2.8;7.7;0.37;4.7;11.5;0.406;0.465;2.8;3.3;0.85;1;4;5;2.3;0.8;0.3;2.2;1.8;20.7
138;JaMychal Green;PF;32;GSW;5;0;19;1.6;3.6;0.444;0.6;2;0.3;1;1.6;0.625;0.528;0.6;0.8;0.75;2.4;2.4;4.8;0.8;1.2;0.4;1;1.6;4.4
139;Javonte Green;SG;29;CHI;6;0;17.5;2;4.3;0.462;0.3;1.7;0.2;1.7;2.7;0.625;0.5;1;1.2;0.857;0.7;2.2;2.8;1;1.7;0.8;0.3;2.3;5.3
140;Jeff Green;PF;36;DEN;6;0;20;3.2;6;0.528;0.7;1.5;0.444;2.5;4.5;0.556;0.583;2.5;3.2;0.789;1;2.3;3.3;1.5;0.7;0;0.3;2.2;9.5
141;Josh Green;SG;22;DAL;4;0;15;1.3;1.5;0.833;1;1.3;0.8;0.3;0.3;1;1.167;1;1.5;0.667;0.8;1.8;2.5;1;0.5;0.3;0.8;2.5;4.5
142;AJ Griffin;SF;19;ATL;2;0;6;3.5;5;0.7;2;3;0.667;1.5;2;0.75;0.9;0;0;0;0;0;0;0;1;0;0;1;9
143;Blake Griffin;PF;33;BOS;4;0;8.8;0.5;2;0.25;0.3;0.8;0.333;0.3;1.3;0.2;0.313;1.3;1.5;0.833;1.3;1.5;2.8;0.8;0.5;0;0.5;2;2.5
144;Rui Hachimura;PF;24;WAS;5;0;24;4.2;8.6;0.488;0.6;1.6;0.375;3.6;7;0.514;0.523;2;2.4;0.833;0.8;3.4;4.2;0.6;0;0.4;1.6;1;11
145;Tyrese Haliburton;PG;22;IND;6;6;33.5;8;15.7;0.511;2.5;5.8;0.429;5.5;9.8;0.559;0.59;4.5;4.8;0.931;1.2;2.7;3.8;10.3;1.3;0.2;3.2;1.3;23
146;R.J. Hampton;PG;21;ORL;5;0;13.8;0.8;2.6;0.308;0.2;0.6;0.333;0.6;2;0.3;0.346;1.6;1.8;0.889;0.4;1.2;1.6;1.6;0.8;0;0.6;1;3.4
147;Tim Hardaway Jr.;SG;30;DAL;3;0;27;4;11;0.364;2.3;6.3;0.368;1.7;4.7;0.357;0.47;4;4;1;0;2;2;1.3;0.3;0.7;1;1;14.3
148;James Harden;SG;33;PHI;6;6;37;7.5;15.8;0.474;2.5;6.8;0.366;5;9;0.556;0.553;5.2;5.5;0.939;0.8;6.7;7.5;8.7;0.8;1;2.7;2.3;22.7
149;Jaden Hardy;SG;20;DAL;1;0;6;0;3;0;0;2;0;0;1;0;0;0;0;0;0;1;1;0;0;0;2;0;0
150;Montrezl Harrell;C;29;PHI;6;0;9.2;0.8;1.5;0.556;0;0;0;0.8;1.5;0.556;0.556;1;1.5;0.667;0.3;0.5;0.8;0.3;0;0.5;0.5;0.8;2.7
151;Joe Harris;SG;31;BRK;3;0;20.3;1.7;5.7;0.294;1.3;4;0.333;0.3;1.7;0.2;0.412;0;0;0;1.3;2.3;3.7;2;0;0.3;0;2.3;4.7
152;Kevon Harris;SG;25;ORL;4;0;11.8;0.5;2.3;0.222;0;0.8;0;0.5;1.5;0.333;0.222;0.3;0.5;0.5;0;1.8;1.8;0.8;0.5;0;1;1.3;1.3
153;Tobias Harris;PF;30;PHI;6;6;32.3;5;11.3;0.441;2.3;6.2;0.378;2.7;5.2;0.516;0.544;0.3;0.5;0.667;1.2;5;6.2;2.5;1.3;0.5;0.7;2.5;12.7
154;Josh Hart;SG;27;POR;6;6;35.8;3.8;7.3;0.523;0.5;1.3;0.375;3.3;6;0.556;0.557;2.3;2.7;0.875;2.2;7;9.2;4;1.3;0.2;1.7;2;10.5
155;Isaiah Hartenstein;C;24;NYK;5;0;24.6;3.6;6.6;0.545;0.2;1.4;0.143;3.4;5.2;0.654;0.561;1.2;1.6;0.75;3.8;4;7.8;1.2;1;1;1.2;3;8.6
156;Udonis Haslem;PF;42;MIA;1;0;2;0;1;0;0;0;0;0;1;0;0;0;0;0;0;1;1;0;0;1;0;0;0
157;Sam Hauser;PF;25;BOS;5;0;9.2;1.6;2.8;0.571;1.4;2.6;0.538;0.2;0.2;1;0.821;0.2;0.4;0.5;0.2;0.8;1;0.2;0.2;0;0.2;0.8;4.8
158;Jaxson Hayes;C;22;NOP;3;0;8;0;0.7;0;0;0.7;0;0;0;0;0;0;0.7;0;0;1;1;0.7;0;0;0.3;0.7;0
159;Killian Hayes;PG;21;DET;6;0;17;1;6;0.167;0.3;2.2;0.154;0.7;3.8;0.174;0.194;0.3;0.5;0.667;0.5;1.8;2.3;3.3;0.7;0.5;1.2;2.3;2.7
160;Gordon Hayward;SF;32;CHO;5;5;32.6;7.2;13.8;0.522;1.4;3.8;0.368;5.8;10;0.58;0.572;3.6;4.8;0.75;0.6;4.4;5;4.2;0.8;0.2;3.6;1;19.4
161;Juancho Hernangómez;PF;27;TOR;2;0;5;0;1;0;0;1;0;0;0;0;0;0;0;0;0;0.5;0.5;0;0.5;0;0.5;0.5;0
162;Willy Hernangómez;C;28;NOP;2;0;7;0.5;2.5;0.2;0;0.5;0;0.5;2;0.25;0.2;1;1;1;2;2.5;4.5;0.5;0;0;0.5;1;2
163;Tyler Herro;SG;23;MIA;6;6;32.2;6.3;14.5;0.437;2.2;6.7;0.325;4.2;7.8;0.532;0.511;2.7;3;0.889;0.5;6.7;7.2;3.3;0.5;0.3;1.8;2.3;17.5
164;Buddy Hield;SG;30;IND;6;6;27.5;6.2;13.3;0.463;4;9;0.444;2.2;4.3;0.5;0.613;0.8;1;0.833;1.3;3.8;5.2;3;0.3;0.3;1.7;2;17.2
165;Haywood Highsmith;SF;26;MIA;4;0;5.3;0.3;1.3;0.2;0;0.8;0;0.3;0.5;0.5;0.2;0;0;0;0;1;1;0;0.8;0;0.5;0.3;0.5
166;George Hill;PG;36;MIL;4;0;25.3;2.8;4.8;0.579;1;2.5;0.4;1.8;2.3;0.778;0.684;1.8;2.3;0.778;0.8;1.8;2.5;3;0.3;0;0.8;2.3;8.3
167;Malcolm Hill;SF;27;CHI;2;0;0.5;0;0;0;0;0;0;0;0;0;0;0;0;0;0;0.5;0.5;0;0;0;0;0;0
168;Aaron Holiday;PG;26;ATL;5;0;18.4;2.6;5.2;0.5;0.8;1.4;0.571;1.8;3.8;0.474;0.577;1;1;1;0.6;0.6;1.2;1.4;1.2;0.4;1;1.8;7
169;Jrue Holiday;PG;32;MIL;4;4;34;5.3;16.8;0.313;1.5;5.5;0.273;3.8;11.3;0.333;0.358;2;2.3;0.889;1;4.3;5.3;7;1.5;1.3;2.3;2.5;14
170;Justin Holiday;SG;33;ATL;5;0;20.8;1.6;6.2;0.258;1;4.4;0.227;0.6;1.8;0.333;0.339;0;0;0;0;1;1;2.2;0.4;0.4;0.2;2.2;4.2
171;Richaun Holmes;PF;29;SAC;4;0;13;2;2.8;0.727;0;0;0;2;2.8;0.727;0.727;0.8;1;0.75;1.3;1.8;3;0;0.5;0.3;0.8;2.5;4.8
172;Al Horford;C;36;BOS;4;4;30.8;3.3;6.5;0.5;2.3;5;0.45;1;1.5;0.667;0.673;0;0;0;1;3.3;4.3;2;0;0.5;1;2.5;8.8
173;Talen Horton-Tucker;SG;22;UTA;6;0;17.3;3.2;8;0.396;0.7;3.3;0.2;2.5;4.7;0.536;0.438;0.8;1.2;0.714;0.7;2.8;3.5;2;1.3;0.5;0.7;2.2;7.8
174;Danuel House Jr.;SF;29;PHI;6;0;16.5;1;2.7;0.375;0.3;1.7;0.2;0.7;1;0.667;0.438;0.3;0.7;0.5;0.5;1.2;1.7;1;0.3;0.2;0.8;1.2;2.7
175;Caleb Houstan;SF;20;ORL;4;0;20.5;1;3.8;0.267;0.5;2.5;0.2;0.5;1.3;0.4;0.333;0.5;0.5;1;0;2.3;2.3;0.5;0.3;0.3;0.8;2.8;3
176;Trevor Hudgins;PG;23;HOU;1;0;4;1;1;1;1;1;1;0;0;0;1.5;0;0;0;0;0;0;0;0;0;0;0;3
177;Kevin Huerter;SG;24;SAC;4;4;27.8;4.8;10.8;0.442;3.3;7.3;0.448;1.5;3.5;0.429;0.593;1.5;2;0.75;0;3.3;3.3;3.3;0.3;0;1;2.5;14.3
178;De'Andre Hunter;SF;25;ATL;5;5;28;6.2;11.6;0.534;1.4;3.8;0.368;4.8;7.8;0.615;0.595;0.8;1.6;0.5;0.6;3.2;3.8;1.6;0.4;0;1;3.8;14.6
179;Bones Hyland;PG;22;DEN;6;0;18.2;3.7;10.5;0.349;2.3;5.3;0.438;1.3;5.2;0.258;0.46;2.3;3.2;0.737;0;1;1;3.7;0.2;0.3;1.7;2;12
180;Serge Ibaka;PF;33;MIL;3;0;8;1.3;2.7;0.5;0.7;1;0.667;0.7;1.7;0.4;0.625;0.3;0.7;0.5;0.7;2;2.7;0;0;0.7;0.7;2;3.7
181;Brandon Ingram;SF;25;NOP;3;3;26.3;7.3;12.7;0.579;1.3;2.3;0.571;6;10.3;0.581;0.632;6;7.3;0.818;0;5.7;5.7;4;1.3;0.3;3.3;1;22
182;Kyrie Irving;PG;30;BRK;5;5;39;10.8;23.8;0.454;2.4;9.2;0.261;8.4;14.6;0.575;0.504;5.6;6;0.933;1;4.4;5.4;4.4;1.6;1.4;2.2;3.4;29.6
183;Jaden Ivey;SG;20;DET;5;5;29.4;5.6;12.2;0.459;1.6;4;0.4;4;8.2;0.488;0.525;2.4;3.4;0.706;1;2.8;3.8;4.4;1.2;0;2.2;3.4;15.2
184;Isaiah Jackson;PF;21;IND;6;2;17.2;2.3;4.5;0.519;0;0.2;0;2.3;4.3;0.538;0.519;2;3.2;0.632;1;3.3;4.3;1;0.3;1.7;1;3;6.7
185;Justin Jackson;SF;27;BOS;1;0;5;2;3;0.667;2;2;1;0;1;0;1;0;0;0;0;0;0;0;0;0;0;0;6
186;Reggie Jackson;PG;32;LAC;5;5;28.2;3.8;9.8;0.388;1.4;3.6;0.389;2.4;6.2;0.387;0.459;0.8;1;0.8;0;2;2;4.2;0.8;0;1.6;1;9.8
187;LeBron James;PF;38;LAL;5;5;36.4;9.8;22;0.445;2;8.2;0.244;7.8;13.8;0.565;0.491;4.2;5.4;0.778;2.6;6.8;9.4;7.2;1.6;0.8;4.4;2.2;25.8
188;Ty Jerome;SG;25;GSW;2;0;10;0.5;1.5;0.333;0.5;1.5;0.333;0;0;0;0.5;0;0;0;0;0.5;0.5;1;0;0;0;1;1.5
189;Isaiah Joe;SG;23;OKC;4;0;1.8;0.3;0.8;0.333;0;0.5;0;0.3;0.3;1;0.333;0;0;0;0;0.3;0.3;0.8;0.3;0;0;0.3;0.5
190;Cameron Johnson;PF;26;PHO;5;5;26.6;4;9.8;0.408;2;5.6;0.357;2;4.2;0.476;0.51;1.2;1.6;0.75;1;2.6;3.6;1.8;1;0.4;0.4;1.8;11.2
191;Jalen Johnson;SF;21;ATL;5;0;13.8;1.6;3.2;0.5;0.4;1.2;0.333;1.2;2;0.6;0.563;1.2;1.6;0.75;0.4;2;2.4;0.4;0;0.2;0.4;1.2;4.8
192;James Johnson;PF;35;IND;1;0;12;1;3;0.333;0;1;0;1;2;0.5;0.333;0;0;0;0;2;2;1;0;2;0;1;2
193;Keldon Johnson;SF;23;SAS;6;6;32.8;8;18;0.444;3.7;8.7;0.423;4.3;9.3;0.464;0.546;4;5.2;0.774;0.7;4.7;5.3;3.5;1.3;0;2.5;1.8;23.7
194;Keon Johnson;SG;20;POR;3;0;11.7;1.7;3.7;0.455;0.7;2.3;0.286;1;1.3;0.75;0.545;0.3;0.7;0.5;0;2;2;1;0.7;0.7;1.7;1;4.3
195;Nikola Joki?;C;27;DEN;6;6;32.3;7.2;11.8;0.606;0.5;2.3;0.214;6.7;9.5;0.702;0.627;5.8;6.7;0.875;1.8;8.8;10.7;8.8;1.5;0.3;2.7;3.2;20.7
196;Damian Jones;C;27;LAL;4;1;12;1.3;3;0.417;0;0.3;0;1.3;2.8;0.455;0.417;0.8;1.5;0.5;1.5;2.3;3.8;0.8;0;0.5;0.8;1.5;3.3
197;Derrick Jones Jr.;SF;25;CHI;4;0;14.5;1.3;3.3;0.385;0.3;0.8;0.333;1;2.5;0.4;0.423;3.3;3.5;0.929;1;1.3;2.3;0.3;0.8;0.5;0.3;1;6
198;Herbert Jones;SF;24;NOP;3;3;31.7;2.3;6.3;0.368;0.3;2;0.167;2;4.3;0.462;0.395;2.3;3;0.778;1.7;1.7;3.3;2;0;1.3;1;4.3;7.3
199;Kai Jones;C;22;CHO;3;0;3.7;0.7;0.7;1;0.3;0.3;1;0.3;0.3;1;1.25;0.7;1.3;0.5;0;0;0;0.7;0;0.3;0;0;2.3
200;Tre Jones;PG;23;SAS;6;6;30.8;4.3;10.3;0.419;0.8;2.3;0.357;3.5;8;0.438;0.46;4;4.2;0.96;1.2;3.2;4.3;4.8;1.5;0.3;2.3;2.2;13.5
201;Tyus Jones;PG;26;MEM;5;0;23.8;4.6;11.6;0.397;1.8;5.2;0.346;2.8;6.4;0.438;0.474;0.6;1.2;0.5;0.6;2;2.6;3.6;0.4;0.2;1;0.6;11.6
202;DeAndre Jordan;C;34;DEN;5;0;12.2;2.2;2.8;0.786;0.2;0.2;1;2;2.6;0.769;0.821;0.8;2;0.4;1.4;4;5.4;0.6;0;0.4;1.4;1.8;5.4
203;Cory Joseph;PG;31;DET;6;1;17.7;1.3;3.5;0.381;0.8;1.7;0.5;0.5;1.8;0.273;0.5;0.8;1;0.833;0.2;1.2;1.3;2.8;0.3;0.2;0.7;1.7;4.3
204;Nikola Jovi?;PF;19;MIA;2;0;10.5;1.5;3.5;0.429;0;1.5;0;1.5;2;0.75;0.429;0;0;0;0.5;0.5;1;0.5;1;0;0.5;2.5;3
205;Frank Kaminsky;C;29;ATL;1;0;3;0;0;0;0;0;0;0;0;0;0;0;0;0;0;2;2;1;0;0;0;1;0
206;Trevor Keels;SG;19;NYK;1;0;1;0;1;0;0;1;0;0;0;0;0;0;0;0;0;1;1;0;0;0;0;0;0
207;Luke Kennard;SG;26;LAC;5;0;23.2;3.8;7.8;0.487;1.8;3.6;0.5;2;4.2;0.476;0.603;0.4;0.4;1;0.2;1.8;2;0.6;0.4;0;1.6;1.6;9.8
208;Walker Kessler;C;21;UTA;5;0;16.6;2;3.2;0.625;0;0;0;2;3.2;0.625;0.625;1.8;3;0.6;2.2;3;5.2;1.2;0.4;1.6;1;2.2;5.8
209;Braxton Key;SF;25;DET;1;0;5;1;1;1;0;0;0;1;1;1;1;2;2;1;0;0;0;0;0;0;0;0;4
210;Maxi Kleber;C;31;DAL;4;0;27;2.3;4;0.563;1.5;2.8;0.545;0.8;1.3;0.6;0.75;2.3;3;0.75;1.5;3.3;4.8;0.5;0.5;0.8;1;1.8;8.3
211;Nathan Knight;PF;25;MIN;2;0;2;0;0;0;0;0;0;0;0;0;0;0;0;0;0;1;1;0;0;0;0;0.5;0
212;Kevin Knox;SF;23;DET;5;0;7.2;0.6;3.4;0.176;0.2;2.2;0.091;0.4;1.2;0.333;0.206;0;0;0;0.2;1;1.2;0;0.2;0;0.4;1.4;1.4
213;Christian Koloko;C;22;TOR;6;1;14.3;0.8;1.8;0.455;0;0;0;0.8;1.8;0.455;0.455;0.7;1.3;0.5;1.2;1.8;3;0.5;0.5;0.7;0.2;2.8;2.3
214;John Konchar;SG;26;MEM;4;3;27.5;3.8;7.3;0.517;2.5;5.3;0.476;1.3;2;0.625;0.69;0.3;0.5;0.5;1.8;3.8;5.5;0.5;1.8;0.3;0.5;1;10.3
215;Furkan Korkmaz;SG;25;PHI;2;0;2;0;0.5;0;0;0.5;0;0;0;0;0;0;0;0;0;0.5;0.5;0.5;0;0;0;0;0
216;Luke Kornet;C;27;BOS;3;0;12.3;1;2;0.5;0;0.3;0;1;1.7;0.6;0.5;0.3;0.7;0.5;1.3;1.7;3;1;0;0;0.3;0.7;2.3
217;Vit Krejci;PG;22;ATL;2;0;1.5;0;0;0;0;0;0;0;0;0;0;0;0;0;0;0;0;0.5;0;0;0;0.5;0
218;Jonathan Kuminga;PF;20;GSW;4;0;10.8;1;2.8;0.364;0;0.8;0;1;2;0.5;0.364;1;1;1;0.5;1.5;2;0;0;0.3;1.5;1.8;3
219;Kyle Kuzma;PF;27;WAS;5;5;34.2;7.2;15.8;0.456;2.2;6.4;0.344;5;9.4;0.532;0.525;3.8;5;0.76;0.4;6.8;7.2;2.2;0.2;1;1.8;3.4;20.4
220;Jock Landale;C;27;PHO;5;0;16.2;3.6;7.8;0.462;0.4;2.8;0.143;3.2;5;0.64;0.487;1.8;2.4;0.75;1.4;3.6;5;0.6;0;0.8;0.6;2.2;9.4
221;Romeo Langford;SG;23;SAS;3;0;8.3;1.3;3;0.444;0;0;0;1.3;3;0.444;0.444;0;0;0;0.3;0;0.3;0.3;0;0;0.3;0.3;2.7
222;Jake LaRavia;PF;21;MEM;5;0;18.2;2.4;4.6;0.522;1.8;3;0.6;0.6;1.6;0.375;0.717;0.6;0.6;1;1.2;2.8;4;0.4;0.4;0.4;0.4;3.4;7.2
223;Zach LaVine;SG;27;CHI;3;3;31.7;6.7;15;0.444;3.7;6.3;0.579;3;8.7;0.346;0.567;6.3;7.7;0.826;0;3.7;3.7;3.7;1.3;0.3;2.7;1;23.3
224;Damion Lee;SG;30;PHO;5;0;18.8;2;5.4;0.37;1.4;3.4;0.412;0.6;2;0.3;0.5;0.4;0.6;0.667;0.4;2.2;2.6;1.4;0.6;0;0.2;1.8;5.8
225;Alex Len;C;29;SAC;1;0;3;0;0;0;0;0;0;0;0;0;0;0;0;0;0;1;1;0;0;0;0;0;0
226;Kawhi Leonard;SF;31;LAC;2;0;21;4;9;0.444;0.5;3;0.167;3.5;6;0.583;0.472;4;4.5;0.889;2;4.5;6.5;2;1.5;0;2;2.5;12.5
227;Caris LeVert;SG;28;CLE;5;5;36;5;13.2;0.379;3.2;5.8;0.552;1.8;7.4;0.243;0.5;4.2;5.2;0.808;0.4;3.2;3.6;6.4;1.4;0.2;2.4;3;17.4
228;Damian Lillard;PG;32;POR;5;5;35;9.6;19.4;0.495;4;10.2;0.392;5.6;9.2;0.609;0.598;7.8;8.4;0.929;1.2;3.6;4.8;4.6;0.8;0.4;3.8;1.4;31
229;Nassir Little;PF;22;POR;6;0;14.7;2.2;4.2;0.52;0.8;2.2;0.385;1.3;2;0.667;0.62;0.2;0.8;0.2;0.3;2;2.3;0.8;0.5;0;0.3;0.5;5.3
230;Isaiah Livers;PF;24;DET;4;0;18.8;2;5.5;0.364;1.5;4.3;0.353;0.5;1.3;0.4;0.5;0.8;0.8;1;1;1.3;2.3;1;0.8;0.3;1;3;6.3
231;Kenneth Lofton Jr.;PF;20;MEM;2;0;4.5;1;2;0.5;0;0.5;0;1;1.5;0.667;0.5;0;0.5;0;0;0.5;0.5;0.5;0;0;0;1.5;2
232;Kevon Looney;C;26;GSW;5;5;22.2;2.8;4;0.7;0;0;0;2.8;4;0.7;0.7;0.4;1;0.4;1.6;3.8;5.4;3.8;0.2;0.2;0.4;2.8;6
233;Brook Lopez;C;34;MIL;4;4;30.3;4.3;11.5;0.37;2;7.3;0.276;2.3;4.3;0.529;0.457;1.3;1.5;0.833;2;4.5;6.5;1.5;0.8;4;0.8;2.8;11.8
234;Robin Lopez;C;34;CLE;2;0;15;4.5;5.5;0.818;0;0;0;4.5;5.5;0.818;0.818;0;0;0;2.5;2;4.5;0.5;0;0.5;1;1.5;9
235;Kevin Love;PF;34;CLE;5;0;19.6;2.8;7;0.4;1.8;4.6;0.391;1;2.4;0.417;0.529;0.8;1;0.8;0;7.6;7.6;2;0;0.2;0.8;1.4;8.2
236;Kyle Lowry;PG;36;MIA;6;6;33.5;3.3;9.5;0.351;2.3;6.7;0.35;1;2.8;0.353;0.474;3;3.5;0.857;0.3;3.2;3.5;5.3;1.5;0.3;1.8;3.2;12
237;Trey Lyles;PF;27;SAC;2;0;9;1.5;5.5;0.273;1;4.5;0.222;0.5;1;0.5;0.364;0;0;0;0;2.5;2.5;0.5;1;0;0.5;1;4
238;Théo Maledon;PG;21;CHO;4;0;14;2.5;3.3;0.769;1;1.3;0.8;1.5;2;0.75;0.923;1.3;1.5;0.833;0.3;1.3;1.5;3;0.5;0;0.8;0.5;7.3
239;Sandro Mamukelashvili;C;23;MIL;1;0;2;0;0;0;0;0;0;0;0;0;0;0;0;0;0;0;0;0;0;0;1;0;0
240;Terance Mann;SG;26;LAC;5;2;15.2;2.4;3.6;0.667;0.4;1;0.4;2;2.6;0.769;0.722;0.6;1.2;0.5;0.8;2.2;3;0.2;0.4;0.4;1.4;1.8;5.8
241;Tre Mann;PG;21;OKC;5;3;27.6;5.8;14;0.414;2;6.4;0.313;3.8;7.6;0.5;0.486;1.2;1.8;0.667;1.2;2;3.2;3.2;1.2;0;1;2;14.8
242;Boban Marjanovi?;C;34;HOU;3;0;3;0.3;0.7;0.5;0;0;0;0.3;0.7;0.5;0.5;0.7;1;0.667;0.3;0.7;1;0.3;0;0;0.3;0;1.3
243;Lauri Markkanen;SF;25;UTA;6;6;33.7;8.2;16.7;0.49;1.8;6.5;0.282;6.3;10.2;0.623;0.545;3;3.7;0.818;2.3;6.7;9;2.7;0.7;0.5;2;1.8;21.2
244;Naji Marshall;SF;25;NOP;5;2;21.6;3.4;6.6;0.515;0.6;2.2;0.273;2.8;4.4;0.636;0.561;2;2.6;0.769;1.6;1.4;3;1.8;0.6;0.4;1.2;1.6;9.4
245;Caleb Martin;PF;27;MIA;5;5;27.6;3.6;8.4;0.429;1;2.4;0.417;2.6;6;0.433;0.488;0.4;0.4;1;2.2;2.8;5;1.8;1.8;0;0.8;2.4;8.6
246;Cody Martin;SF;27;CHO;1;0;1;0;0;0;0;0;0;0;0;0;0;0;0;0;0;0;0;0;0;0;0;0;0
247;Kenyon Martin Jr.;SF;22;HOU;6;2;25.5;3;7.8;0.383;0.8;3;0.278;2.2;4.8;0.448;0.436;2;2.7;0.75;1.2;4.3;5.5;1.8;0.5;0.3;1.2;2.5;8.8
248;Tyrese Martin;SG;23;ATL;2;0;2.5;1;1;1;0;0;0;1;1;1;1;0;0;0;0;0;0;0;0.5;0;0;0;2
249;Garrison Mathews;SG;26;HOU;6;0;13.5;0.8;2.8;0.294;0.8;2.8;0.294;0;0;0;0.441;1;1;1;0;0.8;0.8;0.7;0.2;0.2;0.2;1.5;3.5
250;Bennedict Mathurin;SG;20;IND;6;0;26.8;6.3;14.3;0.442;2.2;5.8;0.371;4.2;8.5;0.49;0.517;4.3;5.2;0.839;1.3;3.2;4.5;2.3;0.7;0;1.8;2.5;19.2
251;Wesley Matthews;SG;36;MIL;4;0;14.8;1.3;3.8;0.333;1;3;0.333;0.3;0.8;0.333;0.467;0.8;1;0.75;0.8;1;1.8;0.8;0.5;0.3;0.3;1.8;4.3
252;Tyrese Maxey;SG;22;PHI;6;6;38.8;8.7;16.5;0.525;3.3;6.8;0.488;5.3;9.7;0.552;0.626;3.3;4.3;0.769;0.5;3;3.5;3.5;1.2;0.2;2.2;2.3;24
253;Miles McBride;PG;22;NYK;2;0;1.5;0;0;0;0;0;0;0;0;0;0;0;1;0;0;0;0;0;0;0;0;0.5;0
254;CJ McCollum;SG;31;NOP;5;5;34.6;8;19.4;0.412;1.6;6.6;0.242;6.4;12.8;0.5;0.454;2.6;3;0.867;0.6;2.6;3.2;8;1.4;0.2;2;2;20.2
255;T.J. McConnell;PG;30;IND;6;0;14.2;1.5;4.8;0.31;0;0;0;1.5;4.8;0.31;0.31;0;0;0;0.5;1.2;1.7;2.8;1.2;0.3;1.5;0.7;3
256;Jaden McDaniels;PF;22;MIN;6;6;31.7;4.2;7.7;0.543;1;3;0.333;3.2;4.7;0.679;0.609;2.3;2.7;0.875;1.3;1.7;3;1.2;1.5;1.8;1;3.2;11.7
257;Jalen McDaniels;SF;25;CHO;5;0;23;3.4;7;0.486;1.8;2.8;0.643;1.6;4.2;0.381;0.614;1.6;1.6;1;0.6;5;5.6;2.2;0.6;0.8;0.8;2.8;10.2
258;Doug McDermott;SF;31;SAS;6;0;20.2;3.5;8.3;0.42;2;4.7;0.429;1.5;3.7;0.409;0.54;0.8;1;0.833;0.5;1.8;2.3;1.7;0;0.2;0.7;1.8;9.8
259;JaVale McGee;C;35;DAL;4;4;12.8;2.3;4.3;0.529;0;0;0;2.3;4.3;0.529;0.529;1.8;3;0.583;1.8;2;3.8;0.5;0.5;1;1.5;1.3;6.3
260;Bryce McGowens;SG;20;CHO;4;0;3.3;0.5;1;0.5;0;0.3;0;0.5;0.8;0.667;0.5;0;0;0;0;0.3;0.3;0.3;0.3;0.3;0;0;1
261;Rodney McGruder;SG;31;DET;2;0;4;0.5;1.5;0.333;0.5;1.5;0.333;0;0;0;0.5;0;0;0;0;0.5;0.5;0;0;0;0;0;1.5
262;Jordan McLaughlin;PG;26;MIN;5;0;16.6;1.4;3.4;0.412;0.2;1.6;0.125;1.2;1.8;0.667;0.441;0.4;0.4;1;0.4;1.8;2.2;3.4;0.8;0;0.8;0.6;3.4
263;De'Anthony Melton;PG;24;PHI;6;1;20.8;3.3;7;0.476;1.2;3.2;0.368;2.2;3.8;0.565;0.56;0.5;0.5;1;0.3;2.7;3;2.2;2.2;0;0.2;1.3;8.3
264;Chimezie Metu;C;25;SAC;3;0;8.3;0.7;2.3;0.286;0;1;0;0.7;1.3;0.5;0.286;0.7;0.7;1;0;2.3;2.3;1;0.3;0.3;0;1;2
265;Patty Mills;PG;34;BRK;5;0;17.4;2;4.8;0.417;1.8;4.2;0.429;0.2;0.6;0.333;0.604;1.2;1.2;1;0.4;0.6;1;1.2;0;0;0.4;0.2;7
266;Shake Milton;SG;26;PHI;2;0;7.5;0.5;2;0.25;0;0;0;0.5;2;0.25;0.25;0;0;0;0;0.5;0.5;1;0;0;0;1;1
267;Davion Mitchell;PG;24;SAC;4;0;16.5;2;6;0.333;0.5;2.8;0.182;1.5;3.3;0.462;0.375;0.5;0.5;1;0;1.3;1.3;2.5;0.3;0;0.5;1.8;5
268;Donovan Mitchell;SG;26;CLE;5;5;39.4;10.8;22.8;0.474;3.4;8.4;0.405;7.4;14.4;0.514;0.548;6;6.8;0.882;1.4;3.4;4.8;6.4;1.8;0.2;4.2;3.2;31
269;Evan Mobley;PF;21;CLE;5;5;34.6;6;10.4;0.577;0.4;1.2;0.333;5.6;9.2;0.609;0.596;3.4;4.4;0.773;1.2;4.6;5.8;2;1.2;1.2;2.6;2.6;15.8
270;Isaiah Mobley;PF;23;CLE;1;0;4;1;1;1;1;1;1;0;0;0;1.5;0;0;0;0;1;1;0;0;0;0;1;3
271;Chima Moneke;SF;27;SAC;1;0;6;0;1;0;0;0;0;0;1;0;0;0;2;0;2;0;2;1;0;0;0;2;0
272;Malik Monk;SG;24;SAC;4;0;19.8;3.3;8.8;0.371;2.3;6;0.375;1;2.8;0.364;0.5;0.5;0.8;0.667;1;2.3;3.3;4.8;1;0.5;1.5;1;9.3
273;Moses Moody;SG;20;GSW;5;0;16.2;1.8;5;0.36;1.2;3.4;0.353;0.6;1.6;0.375;0.48;1.2;1.6;0.75;0.4;1.6;2;0.4;0.4;0.8;1.4;0.4;6
274;Wendell Moore Jr.;SG;21;MIN;1;0;2;0;1;0;0;1;0;0;0;0;0;0;0;0;0;0;0;0;0;0;1;0;0
275;Ja Morant;PG;23;MEM;5;5;32.8;10.8;20.4;0.529;2.6;4.6;0.565;8.2;15.8;0.519;0.593;8.4;9.6;0.875;1.4;3;4.4;6.8;0.8;0.6;3.4;2.2;32.6
276;Marcus Morris;PF;33;LAC;3;3;25;6.3;10;0.633;1.3;3;0.444;5;7;0.714;0.7;1;1;1;0.7;4;4.7;1.3;1;0;0.7;2.7;15
277;Markieff Morris;PF;33;BRK;2;0;11;1;2.5;0.4;1;2;0.5;0;0.5;0;0.6;0;0;0;0.5;1.5;2;0;0;0.5;0.5;1.5;3
278;Monte Morris;PG;27;WAS;5;5;27;3.2;7.6;0.421;1.2;2.8;0.429;2;4.8;0.417;0.5;1;1.6;0.625;0.6;3.6;4.2;6.6;0.6;0.4;0.6;1.6;8.6
279;Trey Murphy III;SF;22;NOP;5;2;30.6;5.2;8.8;0.591;3.2;5.2;0.615;2;3.6;0.556;0.773;1.4;1.6;0.875;1.4;4.8;6.2;1;1.2;0.2;1.2;3.2;15
280;Dejounte Murray;SG;26;ATL;5;5;37.6;8;17.8;0.449;1.8;5.2;0.346;6.2;12.6;0.492;0.5;2;2.4;0.833;0.8;6;6.8;7.6;2.4;0.8;2.6;1.2;19.8
281;Jamal Murray;PG;25;DEN;5;5;25.6;5;12.2;0.41;1.4;4.6;0.304;3.6;7.6;0.474;0.467;1;1.8;0.556;0.2;2.4;2.6;2.8;1.2;0;2.4;0.6;12.4
282;Keegan Murray;SF;22;SAC;3;1;36.7;6.7;13;0.513;3.3;8;0.417;3.3;5;0.667;0.641;1;1;1;1.7;3.3;5;0.7;0.3;0.7;2;2;17.7
283;Mike Muscala;C;31;OKC;5;0;13.4;3.2;5.6;0.571;1;2.8;0.357;2.2;2.8;0.786;0.661;1.4;1.6;0.875;1.2;4.6;5.8;1;0;0.4;0.2;1.2;8.8
284;Svi Mykhailiuk;SF;25;NYK;1;0;2;1;1;1;1;1;1;0;0;0;1.5;0;0;0;0;2;2;0;0;0;0;0;3
285;Larry Nance Jr.;PF;30;NOP;5;0;20.6;3.2;5.8;0.552;0.2;0.8;0.25;3;5;0.6;0.569;0;0.2;0;1.4;2.6;4;2.2;0.4;0.8;1.2;2;6.6
286;Andrew Nembhard;SG;23;IND;5;0;17.2;2.4;5.4;0.444;1.4;3.4;0.412;1;2;0.5;0.574;0.4;0.4;1;0.4;1.6;2;2.8;0.6;0;0.4;1.6;6.6
287;Aaron Nesmith;SF;23;IND;6;4;21.8;3.2;7.2;0.442;1.2;3.7;0.318;2;3.5;0.571;0.523;1.2;1.5;0.778;0.5;3;3.5;1.5;0.2;0.8;1;3;8.7
288;Raul Neto;PG;30;CLE;5;0;10.2;1.2;2.8;0.429;0.2;1;0.2;1;1.8;0.556;0.464;0.8;0.8;1;0.2;1;1.2;1;0.4;0;0.4;0.6;3.4
289;Georges Niang;PF;29;PHI;6;0;15.2;1.8;4;0.458;1.3;3.3;0.4;0.5;0.7;0.75;0.625;0.3;0.3;1;0;1.3;1.3;0.5;0.2;0.2;0.7;1.3;5.3
290;Daishen Nix;PG;20;HOU;4;0;15.3;1.5;3.3;0.462;0.8;2;0.375;0.8;1.3;0.6;0.577;0.8;1;0.75;0.3;0.3;0.5;2;0.3;0.3;1.3;0.8;4.5
291;Zeke Nnaji;PF;22;DEN;5;0;4;0.8;1.4;0.571;0;0.4;0;0.8;1;0.8;0.571;0;0;0;0;0;0;0;0.2;0;0.2;1.6;1.6
292;Jaylen Nowell;SG;23;MIN;6;0;21.5;6;13.7;0.439;1.5;5.2;0.29;4.5;8.5;0.529;0.494;1;1.3;0.75;1.3;3.5;4.8;2.5;0.8;0.2;0.2;1.5;14.5
293;Kendrick Nunn;PG;27;LAL;5;0;15;2.6;8;0.325;1;4.2;0.238;1.6;3.8;0.421;0.388;0;0.2;0;0;2.2;2.2;1.2;0.2;0.2;2;1.4;6.2
294;Jusuf Nurki?;C;28;POR;6;6;30.7;4.8;10;0.483;0.2;0.7;0.25;4.7;9.3;0.5;0.492;3.7;4.3;0.846;3;9.2;12.2;2.5;0.8;1.2;2.3;3;13.5
295;Jordan Nwora;SF;24;MIL;4;0;15.5;1.8;4.8;0.368;1;2;0.5;0.8;2.8;0.273;0.474;0;0;0;0.8;3.3;4;0.3;0;0;1;1.3;4.5
296;Royce O'Neale;SF;29;BRK;5;5;37.4;3.4;10;0.34;2.2;6.2;0.355;1.2;3.8;0.316;0.45;0.4;0.4;1;0.6;3.6;4.2;2.4;1.8;1.2;1.2;3.6;9.4
297;Chuma Okeke;PF;24;ORL;6;0;15.8;1.2;3.5;0.333;0.8;2.7;0.313;0.3;0.8;0.4;0.452;0.7;0.7;1;0.8;2;2.8;1.3;0.2;0;0.2;1.8;3.8
298;Josh Okogie;SG;24;PHO;5;0;4.4;0.4;1;0.4;0;0.4;0;0.4;0.6;0.667;0.4;0.4;0.4;1;0.6;1;1.6;0;0.2;0;0;0.6;1.2
299;Onyeka Okongwu;C;22;ATL;5;0;20.8;4.6;6.2;0.742;0;0;0;4.6;6.2;0.742;0.742;1.2;2.2;0.545;2.2;3.2;5.4;0.6;0.6;0.8;0.6;3.2;10.4
300;Isaac Okoro;SG;22;CLE;5;2;15.2;0.8;3;0.267;0;1.6;0;0.8;1.4;0.571;0.267;0;0;0;0.2;0.6;0.8;0;0.2;0;1;2.2;1.6
301;KZ Okpala;PF;23;SAC;4;3;9.5;0.3;1.3;0.2;0.3;1;0.25;0;0.3;0;0.3;0;0;0;0.5;1;1.5;0.5;0;0;0;1;0.8
302;Kelly Olynyk;PF;31;UTA;6;6;27.2;4.3;8.3;0.52;2;3.2;0.632;2.3;5.2;0.452;0.64;1.5;2.5;0.6;1.5;2.8;4.3;3.7;1.2;0.3;3;4.5;12.2
303;Eugene Omoruyi;SF;25;OKC;3;0;10;2.3;4.3;0.538;0.3;1.3;0.25;2;3;0.667;0.577;1.3;1.7;0.8;1.3;1;2.3;0.3;0;0;0.3;3;6.3
304;Cedi Osman;SF;27;CLE;5;0;27.8;4.6;9.6;0.479;2;4.8;0.417;2.6;4.8;0.542;0.583;2;2.6;0.769;0.6;2.2;2.8;2.4;0.2;0.2;0.8;3.4;13.2
305;Kelly Oubre Jr.;SF;27;CHO;5;5;28.4;6.2;15.4;0.403;1.8;6.2;0.29;4.4;9.2;0.478;0.461;2;3;0.667;1.2;4.2;5.4;0.6;1.8;0.2;1.2;3.6;16.2
306;Chris Paul;PG;37;PHO;5;5;33;3;9;0.333;1;3.4;0.294;2;5.6;0.357;0.389;2.2;2.4;0.917;0.8;4.6;5.4;10;2;0.2;2.2;3;9.2
307;Cameron Payne;PG;28;PHO;5;0;16.2;3.2;7.4;0.432;1;2.2;0.455;2.2;5.2;0.423;0.5;1;1.2;0.833;0.4;1.6;2;2.8;0.6;0.2;1.6;1.2;8.4
308;Theo Pinson;SG;27;DAL;1;0;7;0;0;0;0;0;0;0;0;0;0;2;2;1;0;2;2;1;0;0;0;0;2
309;Scotty Pippen Jr.;PG;22;LAL;1;0;2;0;0;0;0;0;0;0;0;0;0;2;2;1;0;0;0;0;0;0;0;0;2
310;Mason Plumlee;C;32;CHO;5;5;23.8;2.8;4.6;0.609;0;0;0;2.8;4.6;0.609;0.609;2;3.4;0.588;2;4.2;6.2;4.4;0.2;0.6;1.6;3.4;7.6
311;Jakob Poeltl;C;27;SAS;6;6;28.7;6.5;10;0.65;0;0;0;6.5;10;0.65;0.65;2.8;4.8;0.586;4.8;6.2;11;3.7;0.5;0.5;2;1.8;15.8
312;Aleksej Pokusevski;PF;21;OKC;5;2;18.6;2.4;7;0.343;1;3;0.333;1.4;4;0.35;0.414;1;2;0.5;1.6;2.4;4;1.6;0.6;0.6;1.4;1.4;6.8
313;Jordan Poole;SG;23;GSW;5;0;26.2;4.6;10.6;0.434;1.6;5;0.32;3;5.6;0.536;0.509;3.4;4.2;0.81;0;1.2;1.2;6;1.4;0;2.4;2.2;14.2
314;Kevin Porter Jr.;PG;22;HOU;6;6;34.5;7.3;17.5;0.419;1.8;5;0.367;5.5;12.5;0.44;0.471;4;4.8;0.828;2.2;4.2;6.3;5.2;1.7;0.5;3.8;2.7;20.5
315;Michael Porter Jr.;SF;24;DEN;5;5;29.2;6.6;13.2;0.5;4;7.4;0.541;2.6;5.8;0.448;0.652;1.6;2;0.8;1.8;5.4;7.2;1.2;0.6;0.4;1.6;4;18.8
316;Bobby Portis;PF;27;MIL;4;0;24.3;5.8;11.8;0.489;1.3;3.3;0.385;4.5;8.5;0.529;0.543;1.3;1.5;0.833;3.8;6.5;10.3;0.5;0.8;0.8;0.8;1.8;14
317;Kristaps Porzi??is;PF;27;WAS;5;5;31;6.6;13.8;0.478;2.2;5.2;0.423;4.4;8.6;0.512;0.558;2.4;3.2;0.75;1.8;5.6;7.4;2.2;0.6;1;2;4.2;17.8
318;Micah Potter;PF;24;UTA;1;0;8;2;2;1;0;0;0;2;2;1;1;0;0;0;1;2;3;1;0;0;0;1;4
319;Dwight Powell;C;31;DAL;1;0;7;0;0;0;0;0;0;0;0;0;0;1;2;0.5;0;0;0;0;0;1;1;2;1
320;Norman Powell;SG;29;LAC;5;5;27.2;3.8;10.4;0.365;0.6;3.8;0.158;3.2;6.6;0.485;0.394;1.6;2.6;0.615;0.2;2.8;3;1.6;0.6;0.2;3.2;1.8;9.8
321;Jason Preston;PG;23;LAC;1;0;3;0;1;0;0;1;0;0;0;0;0;0;2;0;0;0;0;0;0;0;0;0;0
322;Joshua Primo;SG;20;SAS;4;0;23.3;2.3;6.5;0.346;0.8;3;0.25;1.5;3.5;0.429;0.404;1.8;2.3;0.778;0.5;2.8;3.3;4.5;0.3;0.5;2.8;2;7
323;Taurean Prince;SF;28;MIN;6;0;18;3;5;0.6;1.8;3.2;0.579;1.2;1.8;0.636;0.783;0.2;0.3;0.5;0.5;2.7;3.2;1.2;0.5;0;0.8;2.5;8
324;Payton Pritchard;PG;25;BOS;2;0;4.5;1;3;0.333;1;1.5;0.667;0;1.5;0;0.5;0;0;0;0;0.5;0.5;1;0;0;0;0.5;3
325;Immanuel Quickley;PG;23;NYK;5;0;22.8;3.2;8.4;0.381;1.4;4.4;0.318;1.8;4;0.45;0.464;1.2;1.8;0.667;0.8;3.8;4.6;4.2;0.8;0.2;1.8;1.2;9
326;Julius Randle;PF;28;NYK;5;5;33.2;6.8;15.2;0.447;1.2;4.4;0.273;5.6;10.8;0.519;0.487;4.2;5.4;0.778;2.6;6.8;9.4;2.8;1.2;0.2;1.8;4.4;19
327;Austin Reaves;SG;24;LAL;5;1;22;2.2;4;0.55;1.2;2.6;0.462;1;1.4;0.714;0.7;1.2;1.2;1;0.6;2;2.6;1.6;0.2;0;1;1.4;6.8
328;Cam Reddish;SF;23;NYK;5;0;19.4;3.4;7;0.486;1;2.6;0.385;2.4;4.4;0.545;0.557;0.6;0.6;1;0.4;2.8;3.2;0.6;0.6;0.4;1.4;2.4;8.4
329;Davon Reed;SG;27;DEN;4;0;7.3;0.3;1.8;0.143;0.3;1;0.25;0;0.8;0;0.214;0.3;0.5;0.5;0;0.8;0.8;0.3;0.8;0;1;1;1
330;Paul Reed;C;23;PHI;4;0;4.8;0;0.5;0;0;0;0;0;0.5;0;0;0;0;0;0;0.8;0.8;0;0.5;0.3;0.3;0.8;0
331;Naz Reid;C;23;MIN;4;0;10;2.3;4.5;0.5;0.5;1.5;0.333;1.8;3;0.583;0.556;0.5;1;0.5;0.8;1.5;2.3;0.8;0.5;1;0.3;1.5;5.5
332;Nick Richards;C;25;CHO;5;0;21.4;5;7;0.714;0;0;0;5;7;0.714;0.714;3.2;4.2;0.762;3.6;3.8;7.4;0.6;0;0.4;0;1.6;13.2
333;Josh Richardson;SG;29;SAS;6;2;24.3;4;8.3;0.48;2.3;5.2;0.452;1.7;3.2;0.526;0.62;1.3;1.3;1;0.2;2.5;2.7;3.7;1;0.2;1.3;1.8;11.7
334;Austin Rivers;SG;30;MIN;3;0;7.7;0;1;0;0;0.3;0;0;0.7;0;0;0;0;0;0;0.3;0.3;0.3;0;0;0;0;0
335;Duncan Robinson;SF;28;MIA;6;0;13.2;2;5.2;0.387;1.3;3.7;0.364;0.7;1.5;0.444;0.516;0.2;0.2;1;0.3;1.8;2.2;1.3;0;0;0.2;1.8;5.5
336;Mitchell Robinson;C;24;NYK;5;5;24.6;3.4;4.4;0.773;0;0;0;3.4;4.4;0.773;0.773;1.2;2.8;0.429;3.6;2.4;6;0.6;0.2;3;0.4;3.4;8
337;Jeremiah Robinson-Earl;PF;22;OKC;5;4;18.8;2.6;5.2;0.5;1.6;3.2;0.5;1;2;0.5;0.654;0.8;0.8;1;1;3;4;1;1.2;0.2;0.4;2;7.6
338;Isaiah Roby;PF;24;SAS;5;0;10.4;1.2;2.8;0.429;0.4;1.2;0.333;0.8;1.6;0.5;0.5;0.2;0.6;0.333;0.6;1.8;2.4;1.2;1;0.4;0.4;0.8;3
339;David Roddy;PF;21;MEM;5;0;17;1.8;6.6;0.273;0.4;3.6;0.111;1.4;3;0.467;0.303;0.4;0.4;1;0.6;1.6;2.2;0.8;0.2;0;0.6;2;4.4
340;Ryan Rollins;PG;20;GSW;2;0;1.5;0;0.5;0;0;0;0;0;0.5;0;0;0;0;0;0;0.5;0.5;0.5;0;0;0;1;0
341;Derrick Rose;PG;34;NYK;5;0;12.8;3.4;6.6;0.515;1.4;3;0.467;2;3.6;0.556;0.621;0.6;0.6;1;0.4;2.2;2.6;2.8;0;0.2;1;0.6;8.8
342;Terrence Ross;SG;31;ORL;6;6;31.8;4.7;10;0.467;2.2;5.5;0.394;2.5;4.5;0.556;0.575;0.7;1;0.667;0.7;2.5;3.2;1.2;1;0.3;0.3;2.7;12.2
343;Terry Rozier;PG;28;CHO;2;2;33;8.5;21.5;0.395;3;7.5;0.4;5.5;14;0.393;0.465;3.5;4;0.875;2;5;7;8.5;0.5;1.5;3;1;23.5
344;D'Angelo Russell;PG;26;MIN;6;6;31.8;5.7;13.2;0.43;1.8;5.5;0.333;3.8;7.7;0.5;0.5;3;3.8;0.783;0.7;3.3;4;6.3;2;0.8;3.2;1.5;16.2
345;Matt Ryan;SF;25;LAL;3;0;13;1.7;3.7;0.455;1.3;2.7;0.5;0.3;1;0.333;0.636;0;0;0;0;1;1;0;0.3;0;0.3;2;4.7
346;Domantas Sabonis;PF;26;SAC;4;4;30.3;4.8;9.5;0.5;0;1.5;0;4.8;8;0.594;0.5;4;6;0.667;2.5;7.3;9.8;6.3;1;1;2.3;4;13.5
347;Dario Šari?;PF;28;PHO;1;0;2;0;1;0;0;0;0;0;1;0;0;0;0;0;0;0;0;0;0;0;0;0;0
348;Jordan Schakel;SF;24;WAS;1;0;1;0;0;0;0;0;0;0;0;0;0;0;0;0;0;0;0;0;0;0;0;0;0
349;Admiral Schofield;PF;25;ORL;1;0;13;2;3;0.667;1;2;0.5;1;1;1;0.833;0;0;0;0;2;2;0;0;0;0;3;5
350;Dereon Seabron;SG;22;NOP;1;0;2;0;0;0;0;0;0;0;0;0;0;0;0;0;0;0;0;0;0;0;0;0;0
351;Alperen Þengün;C;20;HOU;4;1;24.5;6;10.8;0.558;0.8;2;0.375;5.3;8.8;0.6;0.593;2.5;4.3;0.588;4.5;5.8;10.3;1;0.5;1.5;2.3;3;15.3
352;Collin Sexton;SG;24;UTA;6;0;16.8;3.5;7.8;0.447;0.7;2.3;0.286;2.8;5.5;0.515;0.489;3.3;4.2;0.8;1.2;1.8;3;1.5;0.7;0;1.2;2.2;11
353;Landry Shamet;SG;25;PHO;3;0;15.3;1.7;3.7;0.455;1;2.7;0.375;0.7;1;0.667;0.591;0.7;0.7;1;0.3;0.3;0.7;1.3;1;0;0.3;2.3;5
354;Day'Ron Sharpe;C;21;BRK;4;0;15;1.5;4;0.375;0;0.3;0;1.5;3.8;0.4;0.375;1;2;0.5;2;3.3;5.3;1.3;0.8;1;0.8;4;4
355;Shaedon Sharpe;SG;19;POR;6;1;18.5;3.7;7.3;0.5;1;2.3;0.429;2.7;5;0.533;0.568;1;1.5;0.667;1.3;1.7;3;0.7;0.3;0.2;0.8;2.7;9.3
356;Pascal Siakam;C;28;TOR;6;6;37.8;9.2;18.8;0.487;1.7;4.7;0.357;7.5;14.2;0.529;0.531;5.3;7.7;0.696;1.3;7.8;9.2;7.7;1;0.5;3.2;3.2;25.3
357;Ben Simmons;PG;26;BRK;5;5;31;2.4;5.4;0.444;0;0.2;0;2.4;5.2;0.462;0.444;0.8;2;0.4;0.8;5.4;6.2;6.8;1.2;0.6;2.8;4.4;5.6
358;Marko Simonovic;C;23;CHI;1;0;2;0;1;0;0;1;0;0;0;0;0;0;0;0;0;0;0;0;0;0;0;0;0
359;Anfernee Simons;SG;23;POR;6;6;36.2;7.5;17.5;0.429;3.7;9.8;0.373;3.8;7.7;0.5;0.533;1.8;2;0.917;0.5;2.3;2.8;3.2;1;0.3;2.7;2.7;20.5
360;Jericho Sims;C;24;NYK;2;0;1.5;0;0;0;0;0;0;0;0;0;0;0;0;0;0;0.5;0.5;0;0;0;0;0;0
361;Marcus Smart;PG;28;BOS;5;5;35.2;3.2;9.8;0.327;1.4;6.2;0.226;1.8;3.6;0.5;0.398;2.2;2.6;0.846;0.4;2.8;3.2;6.2;1.2;0.4;2.2;3;10
362;Dennis Smith Jr.;PG;25;CHO;5;3;28.2;5.2;10.6;0.491;1;2.2;0.455;4.2;8.4;0.5;0.538;0.2;0.6;0.333;0.4;2.2;2.6;5.8;2;0.6;1.4;2.6;11.6
363;Dru Smith;SG;25;MIA;1;0;6;1;3;0.333;0;2;0;1;1;1;0.333;0;0;0;0;1;1;0;1;0;0;1;2
364;Ish Smith;PG;34;DEN;4;0;3.5;0.3;1.3;0.2;0;0;0;0.3;1.3;0.2;0.2;0;0;0;0;0.5;0.5;0.5;0;0.3;0.8;0.8;0.5
365;Jabari Smith Jr.;PF;19;HOU;6;6;32.2;4.5;13.2;0.342;2.5;7;0.357;2;6.2;0.324;0.437;2.3;2.7;0.875;1.3;5.2;6.5;1;0.3;1.3;0.7;4.2;13.8
366;Jalen Smith;PF;22;IND;6;6;23.7;5.3;10.2;0.525;1.2;3.7;0.318;4.2;6.5;0.641;0.582;2.2;3;0.722;1.7;6.8;8.5;0.8;0.2;1.2;1;1.8;14
367;Jeremy Sochan;PF;19;SAS;6;6;23.5;3.5;7.5;0.467;0.7;2.8;0.235;2.8;4.7;0.607;0.511;0.3;0.8;0.4;1;3.3;4.3;2;0.8;0.5;1.2;2.8;8
368;Jaden Springer;PG;20;PHI;2;0;2;1;1.5;0.667;0;0;0;1;1.5;0.667;0.667;0.5;1;0.5;0.5;0.5;1;0;0;0.5;0;0.5;2.5
369;Lamar Stevens;PF;25;CLE;1;0;4;0;1;0;0;0;0;0;1;0;0;0;0;0;0;1;1;0;0;0;0;0;0
370;Isaiah Stewart;C;21;DET;6;6;28.3;3.5;8.8;0.396;1;4.5;0.222;2.5;4.3;0.577;0.453;3.7;5.5;0.667;2.7;7.2;9.8;1.3;0.5;0.5;0.5;2.3;11.7
371;Max Strus;SF;26;MIA;6;1;30.2;5;10.7;0.469;2.5;6.7;0.375;2.5;4;0.625;0.586;0.8;1.3;0.625;1;4.5;5.5;1.7;0.3;0.7;1;1.7;13.3
372;Jalen Suggs;PG;21;ORL;2;2;20.5;4.5;8;0.563;2;4.5;0.444;2.5;3.5;0.714;0.688;1;2;0.5;1;0.5;1.5;2;2.5;0;3.5;4.5;12
373;Edmond Sumner;SG;27;BRK;4;0;10.8;1.5;3.8;0.4;0;1.5;0;1.5;2.3;0.667;0.4;2.3;2.3;1;0;1;1;1.3;0.5;0;1.3;0.5;5.3
374;Cole Swider;SF;23;LAL;1;0;2;0;1;0;0;1;0;0;0;0;0;0;0;0;0;1;1;1;0;0;0;0;0
375;Jae'Sean Tate;SF;27;HOU;2;1;19;3;6.5;0.462;0.5;2;0.25;2.5;4.5;0.556;0.5;1.5;2;0.75;2;2;4;3.5;1;0;1.5;5.5;8
376;Jayson Tatum;PF;24;BOS;5;5;38.2;11.2;20;0.56;3;7.8;0.385;8.2;12.2;0.672;0.635;7;7.8;0.897;0.6;7.4;8;3.6;0.8;1.2;2.2;2;32.4
377;Terry Taylor;SG;23;IND;5;2;17.6;1.4;4;0.35;0.4;1.4;0.286;1;2.6;0.385;0.4;0.6;0.8;0.75;1.2;1.8;3;1;0.4;0.8;0.2;1.8;3.8
378;Garrett Temple;SG;36;NOP;1;0;17;2;3;0.667;2;3;0.667;0;0;0;1;0;0;0;0;1;1;1;1;0;0;1;6
379;Dalen Terry;SG;20;CHI;3;0;2.3;0;0.7;0;0;0.3;0;0;0.3;0;0;0;0;0;0;0;0;0;0;0.3;0.7;0.3;0
380;Cam Thomas;SG;21;BRK;2;0;7;0.5;2;0.25;0;0.5;0;0.5;1.5;0.333;0.25;0;0;0;0;0;0;0.5;0;0;0;0;1
381;Klay Thompson;SG;32;GSW;5;5;23.6;4.4;12.8;0.344;2.6;8.4;0.31;1.8;4.4;0.409;0.445;1.2;1.4;0.857;0.2;2.2;2.4;2.4;0.2;0.2;1.6;1.6;12.6
382;JT Thor;PF;20;CHO;4;0;11.8;0.8;2.5;0.3;0.3;2;0.125;0.5;0.5;1;0.35;0;0;0;0.5;2;2.5;0.3;0;0.8;0.5;1;1.8
383;Matisse Thybulle;SG;25;PHI;5;0;5.6;0.4;1.4;0.286;0.4;1.2;0.333;0;0.2;0;0.429;0;0;0;0.2;0.4;0.6;0.6;0.2;0.4;0;0;1.2
384;Xavier Tillman Sr.;PF;24;MEM;3;0;10.3;1.7;3.7;0.455;0.3;1;0.333;1.3;2.7;0.5;0.5;0;0;0;1.3;2;3.3;0.7;0;0.7;0.7;0.7;3.7
385;Isaiah Todd;PF;21;WAS;2;0;2;0;0.5;0;0;0.5;0;0;0;0;0;0;0;0;0;0;0;0;0;0;0;0;0
386;Obi Toppin;PF;24;NYK;5;0;15.6;3.8;6.8;0.559;1.6;3;0.533;2.2;3.8;0.579;0.676;0.4;0.4;1;0.8;2.6;3.4;1.8;0.2;0.2;0.4;0.6;9.6
387;Juan Toscano-Anderson;SF;29;LAL;4;0;16.5;1.5;3.8;0.4;0.3;2;0.125;1.3;1.8;0.714;0.433;0.3;0.3;1;0;3.3;3.3;0.8;0.5;0;0.8;1.8;3.5
388;Karl-Anthony Towns;PF;27;MIN;6;6;35.5;7;15.3;0.457;2.2;5.7;0.382;4.8;9.7;0.5;0.527;4.3;4.5;0.963;1.3;6.2;7.5;5.5;0.7;0.2;3.3;3.3;20.5
389;Gary Trent Jr.;SG;24;TOR;6;6;37;7;16;0.438;3.7;9.3;0.393;3.3;6.7;0.5;0.552;1.5;2.2;0.692;0.8;1.2;2;1.2;1.3;0.2;1.2;1;19.2
390;P.J. Tucker;PF;37;PHI;6;6;29.2;1.8;4;0.458;1;2.2;0.462;0.8;1.8;0.455;0.583;0.3;0.3;1;1.7;2.5;4.2;0.7;0.7;0.3;0.8;2.3;5
391;Myles Turner;C;26;IND;2;2;28.5;4;10.5;0.381;1.5;4;0.375;2.5;6.5;0.385;0.452;6.5;6.5;1;1.5;6.5;8;2;0.5;4.5;2;3;16
392;Jonas Valan?i?nas;C;30;NOP;5;5;26.8;6.4;12;0.533;0.4;1.4;0.286;6;10.6;0.566;0.55;4.6;4.8;0.958;4.2;7;11.2;2.6;0.6;0.6;1.2;2.2;17.8
393;Jarred Vanderbilt;PF;23;UTA;6;6;25;3.7;6.7;0.55;0.3;0.8;0.4;3.3;5.8;0.571;0.575;1;1.8;0.545;2.5;6.8;9.3;2;1.7;0.5;1.7;4.7;8.7
394;Fred VanVleet;PG;28;TOR;6;6;38;4;11.3;0.353;2.3;6.2;0.378;1.7;5.2;0.323;0.456;3;3.5;0.857;1;3;4;7.7;2.5;0.7;1.2;2.7;13.3
395;Devin Vassell;SG;22;SAS;4;4;32.5;6.8;16.5;0.409;3.3;8.3;0.394;3.5;8.3;0.424;0.508;3;4;0.75;0.3;4.8;5;4.5;1.3;0;1;1.3;19.8
396;Gabe Vincent;PG;26;MIA;6;0;21.3;2.8;6.7;0.425;0.8;3;0.278;2;3.7;0.545;0.488;1.5;1.8;0.818;0.2;1.5;1.7;3.8;0.5;0.2;2;1.7;8
397;Noah Vonleh;C;27;BOS;5;1;13.6;1.2;2.4;0.5;0;0;0;1.2;2.4;0.5;0.5;0;0;0;1.8;1.4;3.2;0;0.4;1.2;0.8;3.4;2.4
398;Nikola Vu?evi?;C;32;CHI;6;6;30;5.5;13.5;0.407;1.2;4.3;0.269;4.3;9.2;0.473;0.451;3.8;4;0.958;3.7;7;10.7;2.8;0;1.2;1.7;2.3;16
399;Dean Wade;PF;26;CLE;5;2;23.2;2.6;4.2;0.619;1.8;3.2;0.563;0.8;1;0.8;0.833;1.2;1.8;0.667;0.4;3;3.4;1.2;0.2;0.4;0.4;1.6;8.2
400;Franz Wagner;SF;21;ORL;6;6;33;6.7;14.5;0.46;1;4.7;0.214;5.7;9.8;0.576;0.494;1.5;1.8;0.818;1.8;3;4.8;4;1.2;0.2;3;2;15.8
401;Jabari Walker;SF;20;POR;3;0;4.3;0.7;1;0.667;0;0.3;0;0.7;0.7;1;0.667;0;0;0;0.3;1.3;1.7;1;0;0;0;0;1.3
402;Lonnie Walker IV;SG;24;LAL;5;5;30.6;5.4;13;0.415;0.8;5.4;0.148;4.6;7.6;0.605;0.446;1.8;2.4;0.75;1;2;3;2.6;1.2;0.8;1.6;2;13.4
403;John Wall;PG;32;LAC;4;0;21.5;6;12;0.5;1;3.5;0.286;5;8.5;0.588;0.542;2.3;4.3;0.529;0.5;2.3;2.8;4.3;1;0;2;1.8;15.3
404;Duane Washington Jr.;SG;22;PHO;2;0;1.5;0.5;2;0.25;0;1;0;0.5;1;0.5;0.25;0;0;0;0;0;0;0;0;0;0;0;1
405;P.J. Washington;PF;24;CHO;5;5;28.2;4.4;11.2;0.393;2.4;6;0.4;2;5.2;0.385;0.5;1;1.2;0.833;1;2.8;3.8;1.6;0.4;1.4;1.8;3;12.2
406;Yuta Watanabe;SF;28;BRK;4;0;11.3;1;1.8;0.571;0.8;1.3;0.6;0.3;0.5;0.5;0.786;0;0.5;0;0;1.3;1.3;0.5;0;0.3;0;1.5;2.8
407;Lindy Waters III;SG;25;OKC;2;0;8;0.5;3;0.167;0.5;3;0.167;0;0;0;0.25;0;0;0;0.5;0.5;1;0;0;0;0;0;1.5
408;Peyton Watson;SG;20;DEN;4;0;2.3;0.8;1.8;0.429;0;0;0;0.8;1.8;0.429;0.429;0;0;0;0.5;0.3;0.8;0;0;0;0;0.3;1.5
409;Blake Wesley;SG;19;SAS;1;0;15;4;6;0.667;2;3;0.667;2;3;0.667;0.833;0;0;0;0;0;0;4;0;0;1;3;10
410;Russell Westbrook;PG;34;LAL;4;3;29.5;4.3;13.8;0.309;0.5;4;0.125;3.8;9.8;0.385;0.327;3.3;5;0.65;0.5;6.5;7;4;1.8;0.3;2.5;2.3;12.3
411;Coby White;PG;22;CHI;6;0;21.8;3;7.7;0.391;1.5;5;0.3;1.5;2.7;0.563;0.489;0.8;1.5;0.556;0.2;1.8;2;1.7;0.7;0;0.5;2.3;8.3
412;Derrick White;SG;28;BOS;5;5;26.6;3.6;7.6;0.474;1.8;4.2;0.429;1.8;3.4;0.529;0.592;1.6;2;0.8;0.6;2.6;3.2;2.8;0.8;0.6;1;3.2;10.6
413;Jack White;SF;25;DEN;2;0;2;0;0;0;0;0;0;0;0;0;0;0;0;0;0;0.5;0.5;0;0.5;0;0;0;0
414;Aaron Wiggins;SG;24;OKC;4;2;26;2.8;6.8;0.407;1;2.8;0.364;1.8;4;0.438;0.481;1.5;1.8;0.857;1;5;6;1.3;1;0.5;0.5;1.5;8
415;Andrew Wiggins;SF;27;GSW;5;5;33.2;7.6;15.4;0.494;2.4;6.6;0.364;5.2;8.8;0.591;0.571;2.6;3.2;0.813;2;5;7;2.6;1.8;1.2;0.6;3.4;20.2
416;Grant Williams;PF;24;BOS;4;0;24.8;3;4.3;0.706;2;3;0.667;1;1.3;0.8;0.941;1.5;1.8;0.857;0.5;3.8;4.3;1.5;0.3;1;0.5;3;9.5
417;Jalen Williams;SG;21;OKC;1;0;6;2;2;1;1;1;1;1;1;1;1.25;0;0;0;0;0;0;1;0;0;2;3;5
418;Jaylin Williams;PF;20;OKC;1;0;8;2;4;0.5;0;0;0;2;4;0.5;0.5;0;1;0;3;3;6;2;0;0;0;2;4
419;Kenrich Williams;PF;28;OKC;5;2;21.6;3.2;6.6;0.485;0.6;2.2;0.273;2.6;4.4;0.591;0.53;0.2;0.6;0.333;1.8;2;3.8;2;0.6;0.2;0.2;1.8;7.2
420;Mark Williams;C;21;CHO;3;0;4.3;1.3;2.3;0.571;0;0;0;1.3;2.3;0.571;0.571;1;1;1;1.3;1.3;2.7;0;0;0;0.7;1;3.7
421;Patrick Williams;PF;21;CHI;6;6;19.5;2.7;6.2;0.432;0.8;2.3;0.357;1.8;3.8;0.478;0.5;0.7;0.8;0.8;0.5;1.3;1.8;0.5;1.2;0.3;1;1;6.8
422;Vince Williams Jr.;SG;22;MEM;1;0;6;0;2;0;0;2;0;0;0;0;0;0;0;0;0;0;0;0;0;0;0;2;0
423;Zion Williamson;PF;22;NOP;3;3;30.3;9.3;19;0.491;0;0;0;9.3;19;0.491;0.491;3.3;4.7;0.714;2.3;4.3;6.7;2.3;2;0.7;3;2;22
424;Justise Winslow;SF;26;POR;5;0;24.8;2.8;7.2;0.389;0.6;1.8;0.333;2.2;5.4;0.407;0.431;1.4;2;0.7;1.6;2.8;4.4;2.8;1.8;0.8;1.2;2.2;7.6
425;James Wiseman;C;21;GSW;5;0;16.8;4.6;6.8;0.676;0;0;0;4.6;6.8;0.676;0.676;1.8;3;0.6;1.4;4;5.4;0.8;0;0.6;1;2.4;11
426;Christian Wood;PF;27;DAL;4;0;25.8;6.5;10.5;0.619;2.5;3.8;0.667;4;6.8;0.593;0.738;5.5;8.5;0.647;1.8;6.3;8;1.3;0.3;0.8;2.3;3;21
427;Delon Wright;PG;30;WAS;4;0;22.8;2.5;6;0.417;0.8;3;0.25;1.8;3;0.583;0.479;0.8;1.3;0.6;1;1.5;2.5;3.3;2.8;1;1;1.3;6.5
428;McKinley Wright IV;PG;24;DAL;1;0;5;1;4;0.25;0;1;0;1;3;0.333;0.25;0;0;0;1;1;2;2;1;0;0;0;2
429;Thaddeus Young;PF;34;TOR;4;0;8;0.8;2;0.375;0.3;1.3;0.2;0.5;0.8;0.667;0.438;0;0;0;0.3;1;1.3;0.3;0.8;0;0.3;1;1.8
430;Trae Young;PG;24;ATL;5;5;35.2;8.8;22.4;0.393;2.4;8.2;0.293;6.4;14.2;0.451;0.446;9.4;10.2;0.922;1;2.4;3.4;10.6;0.4;0.2;2.4;2.2;29.4
431;Ivica Zubac;C;25;LAC;5;5;30;4;7;0.571;0;0.2;0;4;6.8;0.588;0.571;1.6;2.4;0.667;3.8;9.2;13;1.6;0;2.8;2.2;2;9.6
